,alcohol,total sulfur dioxide,volatile acidity,fixed acidity,residual sugar,chlorides,free sulfur dioxide,pH,sulphates,citric acid,density
386,9.2,48.0,0.54,7.8,2.0,0.088,23.0,3.41,0.74,0.26,0.9981
538,12.0,35.0,0.35,12.9,5.8,0.066,5.0,3.2,0.66,0.49,1.0014
1235,11.5,113.0,0.33,6.0,12.9,0.054,6.0,3.3,0.56,0.32,0.99572
745,9.5,28.0,0.51,7.3,2.1,0.07,12.0,3.52,0.73,0.18,0.99768
1514,9.23333333333333,65.0,0.84,6.9,4.1,0.074,16.0,3.53,0.72,0.21,0.99842
375,11.8,15.0,0.54,11.5,4.4,0.124,6.0,3.01,0.83,0.71,0.9984
452,10.0,35.0,0.56,6.8,1.7,0.084,18.0,3.44,0.63,0.03,0.9968
1566,11.2,52.0,0.16,6.7,2.1,0.059,24.0,3.34,0.71,0.64,0.99494
1001,10.6,47.0,0.35,9.9,1.5,0.058,31.0,3.26,0.82,0.38,0.99676
385,9.7,37.0,0.63,7.4,2.4,0.09,11.0,3.43,0.76,0.07,0.9979
130,9.4,134.0,0.745,8.0,2.0,0.118,30.0,3.24,0.66,0.56,0.9968
1293,9.7,12.0,0.755,7.5,1.9,0.084,6.0,3.34,0.49,0.0,0.99672
863,9.7,84.0,0.62,7.2,2.5,0.078,17.0,3.51,0.53,0.06,0.99746
886,10.4,28.0,0.8,9.0,2.4,0.083,8.0,3.33,0.65,0.12,0.99836
1207,10.0,52.0,0.72,9.9,1.7,0.136,24.0,3.35,0.94,0.55,0.99752
151,9.4,69.0,0.52,9.2,3.4,0.61,32.0,2.74,2.0,1.0,0.9996
1311,12.8,27.0,0.51,6.5,3.0,0.064,12.0,3.33,0.59,0.15,0.9929
638,10.2,23.0,0.915,7.7,2.2,0.143,7.0,3.35,0.65,0.12,0.9964
1077,11.0,8.0,0.37,8.6,6.4,0.08,3.0,3.27,0.58,0.65,0.99817
562,9.2,110.0,0.54,9.0,2.9,0.094,41.0,3.08,0.61,0.49,0.9982
446,10.5,72.0,0.38,12.5,2.6,0.081,31.0,3.1,0.73,0.6,0.9996
351,9.4,26.0,0.795,9.1,2.6,0.096,11.0,3.35,0.83,0.0,0.9994
355,12.8,32.0,0.75,6.7,2.4,0.078,17.0,3.55,0.61,0.01,0.9955
1252,9.8,14.0,0.72,7.1,1.8,0.123,6.0,3.45,0.58,0.0,0.99627
376,11.0,47.0,0.45,11.5,3.0,0.078,19.0,3.26,1.11,0.5,1.0003
1148,11.6,21.0,0.39,7.8,2.0,0.086,9.0,3.39,0.66,0.42,0.99526
378,13.3,24.0,0.625,11.4,6.2,0.088,6.0,3.11,0.99,0.66,0.9988
1104,12.4,25.0,0.48,8.0,2.2,0.073,16.0,3.28,0.66,0.34,0.9936
1090,11.8,74.0,0.26,10.0,1.9,0.083,42.0,2.98,0.63,0.54,0.99451
196,10.2,55.0,0.58,7.3,2.4,0.074,15.0,3.46,0.59,0.3,0.9968
738,9.2,104.0,0.46,9.0,2.8,0.092,28.0,3.1,0.56,0.23,0.9983
658,9.6,20.0,0.52,7.2,1.4,0.074,5.0,3.32,0.81,0.07,0.9973
1580,11.9,26.0,0.35,7.4,2.4,0.068,9.0,3.36,0.6,0.33,0.9947
1518,10.5,20.0,0.47,7.4,2.2,0.114,7.0,3.32,0.63,0.46,0.99647
1047,10.4,51.0,0.43,7.1,1.8,0.082,27.0,3.49,0.64,0.17,0.99634
698,9.7,72.0,0.615,9.4,3.2,0.087,18.0,3.31,0.53,0.28,1.0001
963,11.2,27.0,0.27,8.8,2.0,0.1,20.0,3.15,0.69,0.39,0.99546
696,9.5,25.0,0.65,7.0,2.1,0.066,8.0,3.47,0.67,0.02,0.9972
361,9.9,50.0,0.45,8.6,2.6,0.086,21.0,3.37,0.91,0.31,0.9982
250,10.0,37.0,0.32,10.8,1.6,0.063,16.0,3.22,0.78,0.44,0.9985
10,9.2,65.0,0.58,6.7,1.8,0.097,15.0,3.28,0.54,0.08,0.9959
393,9.1,95.0,0.665,8.4,2.0,0.112,13.0,3.16,0.54,0.61,0.997
314,11.0,72.0,0.36,7.4,2.6,0.087,26.0,3.39,0.68,0.29,0.99645
1257,11.0,69.0,0.58,7.0,4.8,0.085,12.0,3.32,0.7,0.28,0.99633
485,10.0,17.0,0.67,10.2,1.9,0.054,6.0,3.17,0.47,0.39,0.9976
743,10.0,101.0,0.41,11.6,2.8,0.096,25.0,3.13,0.53,0.58,1.00024
623,12.1,45.0,0.51,7.9,2.9,0.077,21.0,3.49,0.96,0.25,0.9974
69,10.5,19.0,0.705,8.0,1.9,0.074,8.0,3.34,0.95,0.05,0.9962
1071,9.2,92.0,0.77,7.5,8.1,0.098,30.0,3.2,0.58,0.2,0.99892
746,9.0,57.0,0.34,8.2,2.5,0.08,12.0,3.3,0.47,0.38,0.9978
177,10.5,38.0,0.52,7.5,2.3,0.087,8.0,3.58,0.61,0.42,0.9972
29,9.8,16.0,0.645,7.8,2.0,0.082,8.0,3.38,0.59,0.0,0.9964
199,11.4,31.0,1.09,6.9,2.1,0.061,12.0,3.51,0.43,0.06,0.9948
1483,10.7,12.0,0.33,8.1,1.5,0.042,6.0,3.35,0.61,0.44,0.99542
924,11.2,28.0,0.47,8.6,2.3,0.055,14.0,3.18,0.8,0.27,0.99516
961,9.3,18.0,0.56,7.1,1.6,0.078,7.0,3.27,0.62,0.14,0.99592
826,11.0,8.0,0.27,7.5,2.3,0.05,4.0,3.4,0.64,0.34,0.9951
678,10.0,87.0,0.78,8.3,2.6,0.081,45.0,3.48,0.53,0.1,0.9983
1582,11.9,27.0,0.715,6.1,2.6,0.053,13.0,3.57,0.5,0.1,0.99362
214,9.8,41.0,0.735,7.8,2.4,0.092,10.0,3.24,0.71,0.08,0.9974
917,10.1,45.0,0.41,6.8,8.8,0.084,26.0,3.38,0.64,0.31,0.99824
208,9.4,95.0,0.44,7.8,2.7,0.1,18.0,3.22,0.67,0.28,0.9966
348,10.0,46.0,0.56,9.6,2.8,0.089,15.0,3.11,0.92,0.31,0.9979
1075,10.2,67.0,0.25,9.1,2.0,0.071,45.0,3.44,0.86,0.34,0.99769
232,9.6,58.0,0.37,8.5,2.8,0.09,18.0,3.34,0.7,0.2,0.998
106,9.3,69.0,0.41,7.8,1.7,0.467,18.0,3.08,1.31,0.68,0.9973
1193,10.8,12.0,0.885,6.4,2.3,0.166,6.0,3.56,0.51,0.0,0.99551
915,11.9,6.0,0.315,8.6,2.2,0.079,3.0,3.27,0.67,0.4,0.99512
289,9.2,98.0,0.42,11.6,3.3,0.105,33.0,3.2,0.95,0.53,1.001
434,9.9,54.0,0.41,10.4,3.2,0.076,22.0,3.15,0.89,0.55,0.9996
569,11.7,42.0,0.36,6.2,2.2,0.095,19.0,3.57,0.57,0.24,0.9946
871,10.6,46.0,0.56,6.9,1.5,0.086,36.0,3.53,0.57,0.03,0.99522
323,9.5,73.0,0.59,10.3,2.8,0.09,35.0,3.28,0.7,0.42,0.999
476,9.7,16.0,0.27,9.3,2.0,0.091,6.0,3.28,0.7,0.41,0.998
166,10.2,101.0,0.64,6.8,2.1,0.085,18.0,3.34,0.52,0.1,0.9956
572,10.4,28.0,0.24,10.2,2.4,0.075,10.0,3.14,0.61,0.49,0.9978
1234,12.8,18.0,0.75,7.1,2.2,0.059,11.0,3.39,0.4,0.01,0.99242
1080,11.8,8.0,0.27,10.3,1.4,0.047,3.0,3.16,0.51,0.56,0.99471
1181,11.4,11.0,0.39,9.8,1.65,0.068,5.0,3.19,0.46,0.43,0.99478
804,9.9,18.0,0.52,8.4,2.7,0.084,4.0,3.26,0.57,0.22,0.99682
648,11.2,28.0,0.48,8.7,2.8,0.066,10.0,3.33,0.67,0.3,0.9964
1583,9.8,98.0,0.46,6.2,2.1,0.074,32.0,3.33,0.62,0.29,0.99578
270,10.7,61.0,0.545,7.9,4.0,0.087,27.0,3.36,0.67,0.06,0.9965
484,13.4,24.0,0.44,10.6,4.1,0.114,6.0,3.06,0.66,0.68,0.997
1010,12.3,12.0,0.28,8.9,1.7,0.067,7.0,3.25,0.55,0.45,0.99354
459,9.0,47.0,0.58,11.6,2.2,0.074,10.0,3.25,0.57,0.66,1.0008
560,11.4,19.0,0.6,12.7,2.8,0.075,5.0,3.14,0.57,0.49,0.9994
482,9.4,18.0,0.36,10.6,2.2,0.152,6.0,3.04,1.05,0.59,0.9986
674,9.3,17.0,0.4,10.8,2.2,0.084,7.0,3.08,0.67,0.41,0.9984
397,11.0,49.0,0.59,11.5,2.6,0.087,13.0,3.18,0.65,0.59,0.9988
544,8.4,15.0,0.31,14.3,1.8,0.075,6.0,2.86,0.79,0.74,1.0008
152,10.1,99.0,0.6,7.5,1.8,0.095,25.0,3.35,0.54,0.03,0.995
1322,11.4,18.0,0.34,9.1,1.8,0.058,9.0,3.18,0.55,0.42,0.99392
1336,9.5,26.0,0.5,6.0,1.4,0.057,15.0,3.36,0.45,0.0,0.99448
1508,10.6,25.0,0.27,7.1,2.1,0.074,17.0,3.38,0.72,0.6,0.99814
982,12.9,70.0,0.52,7.3,2.1,0.07,51.0,3.34,0.82,0.32,0.99418
469,9.8,48.0,0.82,8.7,1.2,0.07,36.0,3.2,0.58,0.02,0.9952
1301,11.7,57.0,0.86,6.7,2.0,0.1,20.0,3.6,0.74,0.07,0.99598
602,9.3,14.0,0.835,7.7,2.6,0.081,6.0,3.3,0.52,0.0,0.9975
1196,9.5,94.0,0.58,7.9,2.3,0.076,23.0,3.21,0.58,0.23,0.99686
217,9.1,41.0,0.725,8.1,2.2,0.072,11.0,3.36,0.55,0.22,0.9967
839,10.0,26.0,0.5,6.0,2.2,0.092,13.0,3.46,0.47,0.04,0.99647
59,9.4,46.0,0.39,7.3,2.4,0.074,9.0,3.41,0.54,0.31,0.9962
718,9.6,22.0,0.56,8.4,2.0,0.082,10.0,3.22,0.44,0.04,0.9976
431,9.2,66.0,0.55,7.8,2.2,0.074,21.0,3.25,0.56,0.35,0.9974
813,11.4,7.0,0.39,6.9,2.1,0.102,4.0,3.44,0.58,0.24,0.99462
44,9.5,11.0,0.67,6.8,1.8,0.05,5.0,3.48,0.52,0.02,0.9962
958,11.3,36.0,0.57,6.4,2.3,0.12,25.0,3.47,0.71,0.12,0.99519
1544,11.2,19.0,0.37,8.4,2.3,0.063,12.0,3.17,0.81,0.43,0.9955
125,9.4,90.0,0.62,9.0,1.9,0.146,27.0,3.16,0.7,0.04,0.9984
1217,12.0,74.0,0.34,8.2,1.9,0.057,43.0,3.23,0.81,0.37,0.99408
1135,11.9,50.0,0.25,8.0,1.7,0.067,22.0,3.38,0.6,0.43,0.9946
772,9.4,144.0,0.57,9.5,2.3,0.082,23.0,3.27,0.55,0.27,0.99782
834,9.4,23.0,0.685,8.8,1.6,0.088,16.0,3.32,0.47,0.26,0.99694
1472,11.1,44.0,0.35,7.6,2.6,0.073,23.0,3.38,0.79,0.6,0.99656
845,9.8,31.0,0.64,6.4,1.8,0.081,14.0,3.59,0.66,0.21,0.99689
120,9.0,89.0,1.07,7.3,1.7,0.178,10.0,3.3,0.57,0.09,0.9962
293,10.1,16.0,0.36,6.9,2.4,0.098,5.0,3.41,0.6,0.25,0.9964
925,11.0,77.0,0.22,8.6,1.9,0.064,53.0,3.47,0.87,0.36,0.99604
475,10.2,28.0,0.68,9.6,2.2,0.087,5.0,3.14,0.6,0.24,0.9988
224,10.4,55.0,0.635,8.4,2.0,0.089,15.0,3.31,0.57,0.36,0.99745
727,9.5,11.0,0.57,6.4,1.8,0.067,4.0,3.46,0.68,0.02,0.997
952,11.2,10.0,0.31,8.2,2.2,0.058,6.0,3.31,0.68,0.4,0.99536
1246,10.0,48.0,0.74,7.4,1.7,0.086,15.0,3.12,0.48,0.07,0.99502
937,10.4,26.0,0.63,12.0,1.4,0.071,6.0,3.07,0.6,0.5,0.99791
1419,9.9,133.0,0.64,7.7,2.2,0.077,32.0,3.27,0.45,0.21,0.9956
67,10.7,15.0,0.705,6.6,1.6,0.076,6.0,3.44,0.58,0.07,0.9962
1213,10.5,13.0,0.38,9.6,1.9,0.071,5.0,3.15,0.75,0.42,0.99659
1456,10.55,89.0,0.54,6.0,1.8,0.05,38.0,3.3,0.5,0.06,0.99236
518,11.7,32.0,0.21,10.9,2.8,0.088,11.0,3.22,0.68,0.49,0.9972
908,10.8,61.0,0.52,7.4,2.4,0.078,34.0,3.43,0.59,0.13,0.99528
1525,9.7,34.0,0.48,6.7,2.1,0.064,18.0,3.33,0.64,0.08,0.99552
705,9.9,54.0,1.035,8.4,6.0,0.073,11.0,3.37,0.49,0.15,0.999
1066,12.5,26.0,0.52,6.6,2.4,0.07,13.0,3.4,0.72,0.08,0.99358
1064,11.8,10.0,0.74,8.2,2.0,0.067,5.0,3.28,0.57,0.09,0.99418
1201,11.2,10.0,0.34,7.9,1.9,0.065,5.0,3.27,0.54,0.36,0.99419
1108,9.5,13.0,0.78,8.1,3.3,0.09,4.0,3.36,0.49,0.1,0.99855
777,10.3,18.0,0.635,6.9,2.4,0.241,6.0,3.4,0.59,0.17,0.9961
1283,10.2,69.0,0.63,8.7,2.7,0.096,17.0,3.26,0.63,0.28,0.99734
1598,11.0,42.0,0.31,6.0,3.6,0.067,18.0,3.39,0.66,0.47,0.99549
419,9.9,52.0,0.77,6.8,1.8,0.066,34.0,3.62,0.68,0.0,0.9976
1370,9.2,66.0,0.78,8.7,1.7,0.415,12.0,3.0,1.17,0.51,0.99623
824,10.3,16.0,0.48,7.1,2.8,0.068,6.0,3.24,0.53,0.28,0.99682
985,11.3,11.0,0.58,7.4,2.0,0.064,7.0,3.45,0.58,0.0,0.99562
3,9.8,60.0,0.28,11.2,1.9,0.075,17.0,3.16,0.58,0.56,0.998
995,10.1,41.0,0.6,7.7,2.0,0.079,19.0,3.39,0.62,0.06,0.99697
1079,12.3,278.0,0.3,7.9,8.3,0.05,37.5,3.01,0.51,0.68,0.99316
47,9.5,37.0,0.29,8.7,1.6,0.113,12.0,3.25,0.58,0.52,0.9969
767,9.5,98.0,0.6,7.5,2.7,0.103,13.0,3.45,0.62,0.32,0.99938
1228,13.6,88.0,0.42,5.1,1.8,0.044,18.0,3.68,0.73,0.0,0.99157
732,9.6,19.0,0.835,7.3,2.1,0.092,10.0,3.39,0.47,0.03,0.9966
1573,12.5,50.0,0.58,6.0,2.4,0.075,15.0,3.58,0.67,0.2,0.99467
809,10.3,15.0,0.48,7.6,2.8,0.07,4.0,3.22,0.55,0.31,0.99693
324,9.2,50.0,0.49,10.0,11.0,0.071,13.0,3.16,0.69,0.2,1.0015
1398,10.2,28.0,0.6,7.0,2.2,0.083,13.0,3.52,0.62,0.12,0.9966
932,9.5,66.0,0.4,7.6,1.9,0.078,29.0,3.45,0.59,0.29,0.9971
907,11.5,9.0,0.56,6.1,2.2,0.079,6.0,3.59,0.54,0.0,0.9948
193,9.7,28.0,0.55,7.6,2.2,0.071,7.0,3.28,0.55,0.21,0.9964
1037,9.2,56.0,0.91,7.3,1.8,0.074,20.0,3.35,0.56,0.1,0.99672
1051,9.2,45.0,0.46,8.5,1.4,0.414,16.0,3.03,1.34,0.59,0.99702
1007,11.7,25.0,0.3,9.1,2.0,0.064,12.0,3.26,0.84,0.34,0.99516
533,12.8,33.0,0.27,10.3,2.1,0.072,15.0,3.22,0.66,0.24,0.9956
1123,11.2,29.0,0.4,10.7,1.9,0.081,17.0,3.12,0.65,0.37,0.99674
715,9.2,34.0,0.49,7.2,2.7,0.069,13.0,3.29,0.48,0.18,0.9967
1433,10.1,25.0,0.4,6.1,1.8,0.069,11.0,3.42,0.74,0.16,0.9955
311,9.4,105.0,0.53,7.9,2.0,0.072,15.0,3.27,0.54,0.24,0.996
610,9.2,57.0,0.24,8.8,2.5,0.083,25.0,3.39,0.54,0.54,0.9983
889,9.3,99.0,0.9,10.7,6.6,0.112,23.0,3.22,0.68,0.34,1.00289
649,11.3,148.0,0.42,6.7,8.6,0.068,24.0,3.16,0.57,0.27,0.9948
432,12.8,24.0,0.37,11.9,2.3,0.078,12.0,3.0,0.65,0.69,0.9958
903,10.8,18.0,0.59,6.8,6.0,0.06,11.0,3.41,0.59,0.06,0.9962
34,9.2,50.0,0.32,5.2,1.8,0.103,13.0,3.38,0.55,0.25,0.9957
980,10.5,17.0,0.5,9.1,1.9,0.065,8.0,3.32,0.71,0.3,0.99774
1417,12.1,37.0,0.34,7.3,2.5,0.064,21.0,3.35,0.77,0.33,0.9952
690,10.7,14.0,1.185,7.4,4.25,0.097,5.0,3.63,0.54,0.0,0.9966
561,9.2,121.0,0.44,9.0,2.4,0.078,26.0,3.23,0.58,0.49,0.9978
628,9.3,31.0,0.54,8.7,2.5,0.097,7.0,3.27,0.6,0.26,0.9976
1003,12.8,8.0,0.36,6.8,1.8,0.067,4.0,3.36,0.55,0.32,0.9928
634,9.5,102.0,0.35,7.9,1.9,0.073,46.0,3.27,0.58,0.21,0.9964
24,9.7,40.0,0.4,6.9,2.4,0.085,21.0,3.43,0.63,0.14,0.9968
1022,10.5,9.0,0.51,7.0,2.1,0.062,4.0,3.35,0.54,0.09,0.99584
1138,9.1,94.0,0.41,7.5,3.7,0.104,29.0,3.14,0.58,0.15,0.99786
373,9.2,72.0,0.55,7.4,2.2,0.106,12.0,3.05,0.63,0.22,0.9959
426,11.4,48.0,0.67,6.4,2.1,0.045,19.0,3.49,0.49,0.08,0.9949
1163,10.0,21.0,0.785,9.0,1.7,0.078,10.0,3.29,0.67,0.24,0.99692
1375,9.9,100.0,0.56,7.2,2.0,0.083,13.0,3.26,0.52,0.26,0.99586
608,10.4,65.0,0.65,10.1,5.1,0.11,11.0,3.32,0.64,0.37,1.0026
334,11.7,38.0,0.65,7.9,2.5,0.078,17.0,3.34,0.74,0.01,0.9963
1244,10.3,160.0,0.29,5.9,13.4,0.067,72.0,3.33,0.54,0.25,0.99721
855,11.7,14.0,0.735,7.6,2.5,0.071,10.0,3.51,0.71,0.02,0.99538
940,12.4,25.0,0.33,9.6,2.2,0.074,13.0,3.36,0.76,0.52,0.99509
1461,10.0,13.0,0.785,6.2,2.1,0.06,6.0,3.59,0.61,0.0,0.99664
1590,11.6,35.0,0.55,6.3,1.8,0.077,26.0,3.32,0.82,0.15,0.99314
243,9.2,24.0,0.21,15.0,2.2,0.075,10.0,3.07,0.84,0.44,1.00005
1260,9.3,56.0,0.635,8.6,1.8,0.403,19.0,3.02,1.15,0.68,0.99632
1275,9.5,81.0,0.715,8.0,2.3,0.075,13.0,3.24,0.54,0.22,0.99688
797,10.8,42.0,0.37,9.3,1.6,0.038,21.0,3.24,0.81,0.44,0.99526
1503,11.0,14.0,0.44,6.2,2.5,0.077,6.0,3.51,0.69,0.39,0.99555
1357,11.1,67.0,0.43,7.3,2.5,0.078,27.0,3.6,0.59,0.24,0.99648
892,9.3,18.0,0.45,10.1,1.9,0.082,10.0,3.22,0.65,0.23,0.99774
315,11.0,53.0,0.35,7.1,2.5,0.096,20.0,3.42,0.65,0.29,0.9962
1026,12.6,36.0,0.31,7.9,1.9,0.066,14.0,3.41,0.56,0.32,0.99364
975,9.4,72.0,0.41,7.2,2.1,0.083,35.0,3.44,0.52,0.3,0.997
503,10.9,24.0,0.26,10.5,1.9,0.078,6.0,3.18,1.04,0.47,0.9976
241,10.9,24.0,0.38,12.0,2.1,0.093,6.0,3.14,0.71,0.56,0.99925
45,13.1,65.0,0.52,4.6,2.1,0.054,8.0,3.9,0.56,0.15,0.9934
1397,9.9,104.0,0.59,7.3,2.0,0.08,17.0,3.28,0.52,0.26,0.99584
593,9.0,43.0,0.49,9.9,3.5,0.094,9.0,3.29,0.58,0.58,1.0004
1146,9.8,21.0,0.5,7.8,1.8,0.178,6.0,3.28,0.87,0.12,0.996
216,11.0,49.0,0.625,8.7,2.0,0.101,13.0,3.14,0.57,0.16,0.9962
776,10.3,48.0,0.765,6.9,2.4,0.243,5.5,3.4,0.6,0.18,0.99612
392,9.5,26.0,0.37,9.5,2.0,0.082,6.0,3.18,0.51,0.52,0.998
1251,9.8,60.0,0.58,7.5,2.2,0.077,27.0,3.28,0.59,0.14,0.9963
212,10.2,15.0,0.44,11.6,2.1,0.059,5.0,3.21,0.67,0.64,0.998
222,9.5,10.0,0.61,6.8,1.5,0.057,5.0,3.42,0.6,0.04,0.99525
1223,12.0,23.0,0.36,10.5,2.2,0.074,9.0,3.23,0.76,0.47,0.99638
1479,10.6,22.0,0.28,8.2,3.0,0.104,10.0,3.39,0.68,0.6,0.99828
406,10.8,28.0,0.44,9.8,2.5,0.063,9.0,3.24,0.65,0.47,0.9981
1128,10.0,89.0,0.43,10.0,2.7,0.095,28.0,3.22,0.68,0.33,0.9984
9,10.5,102.0,0.5,7.5,6.1,0.071,17.0,3.35,0.8,0.36,0.9978
1513,10.5,65.0,0.56,6.4,1.8,0.078,17.0,3.33,0.6,0.15,0.99294
943,9.7,45.0,0.5,9.8,2.3,0.094,10.0,3.24,0.6,0.34,0.99864
1490,12.4,18.0,0.22,7.1,1.8,0.039,8.0,3.39,0.56,0.49,0.99344
1175,11.5,59.0,0.61,6.5,2.2,0.095,48.0,3.61,0.7,0.0,0.99541
374,10.8,47.0,0.41,14.0,3.8,0.089,6.0,3.01,0.81,0.63,1.0014
387,9.6,42.0,0.66,8.3,1.9,0.079,17.0,3.31,0.54,0.15,0.9972
72,9.5,94.0,0.69,7.7,1.9,0.084,18.0,3.31,0.48,0.22,0.9961
1474,8.8,82.0,0.5,9.9,13.8,0.205,48.0,3.16,0.75,0.5,1.00242
1498,10.8,13.0,0.895,6.6,2.3,0.068,7.0,3.53,0.58,0.04,0.99582
1240,9.3,60.0,0.61,7.5,1.7,0.076,36.0,3.1,0.4,0.2,0.99494
708,11.6,35.0,0.545,7.8,2.5,0.068,11.0,3.34,0.61,0.12,0.996
850,9.5,22.0,0.43,9.3,1.9,0.085,9.0,3.28,0.55,0.44,0.99708
301,10.1,15.0,0.18,11.1,1.5,0.068,7.0,3.22,0.64,0.48,0.9973
1363,9.8,63.0,0.83,8.0,2.0,0.08,11.0,3.29,0.48,0.27,0.99652
191,9.8,49.0,0.37,6.4,1.9,0.074,21.0,3.57,0.62,0.25,0.9974
1523,10.4,61.0,0.48,6.8,2.0,0.076,29.0,3.34,0.6,0.25,0.9953
1388,10.3,49.0,0.64,6.6,6.1,0.083,7.0,3.35,0.68,0.31,0.99718
862,10.4,25.0,0.42,7.5,2.7,0.067,7.0,3.24,0.44,0.32,0.99628
451,9.1,26.0,0.37,8.4,1.8,0.413,9.0,3.06,1.06,0.53,0.9979
849,9.8,32.0,0.63,6.4,1.6,0.08,12.0,3.58,0.66,0.21,0.99689
201,9.3,145.0,0.37,8.8,2.1,0.097,39.0,3.04,1.03,0.48,0.9975
447,11.2,16.0,0.48,9.3,2.1,0.127,6.0,3.22,0.72,0.29,0.9968
207,9.3,120.0,0.57,7.8,1.8,0.069,26.0,3.29,0.53,0.31,0.99625
1160,11.1,20.0,0.36,10.6,2.3,0.087,6.0,3.14,0.72,0.57,0.99676
909,11.5,11.0,0.305,7.3,1.2,0.059,7.0,3.29,0.52,0.39,0.99331
1216,9.5,79.0,0.57,7.9,2.0,0.079,10.0,3.29,0.69,0.31,0.99677
497,11.1,113.0,0.34,7.2,2.5,0.09,43.0,3.32,0.79,0.32,0.9966
80,9.2,15.0,0.45,6.2,1.6,0.069,3.0,3.41,0.56,0.2,0.9958
1307,11.1,29.0,0.68,6.8,3.9,0.068,15.0,3.41,0.52,0.09,0.99524
918,11.0,79.0,0.36,8.4,2.2,0.081,32.0,3.3,0.72,0.32,0.9964
92,9.8,133.0,0.49,8.6,2.0,0.11,19.0,2.93,1.98,0.29,0.9972
791,9.6,130.0,0.64,8.8,2.9,0.084,25.0,3.23,0.54,0.17,0.99818
112,9.8,111.0,0.6,8.4,2.2,0.085,14.0,3.15,0.66,0.1,0.9964
795,10.2,60.0,0.89,10.8,2.6,0.132,7.0,2.99,1.18,0.3,0.99786
31,10.6,37.0,0.685,6.9,2.5,0.105,22.0,3.46,0.57,0.0,0.9966
734,9.3,39.0,0.56,7.7,2.0,0.075,9.0,3.48,0.62,0.2,0.9987
1444,11.1,92.0,0.67,7.3,2.2,0.072,31.0,3.32,0.68,0.02,0.99566
1286,12.4,31.0,0.16,7.1,2.5,0.068,17.0,3.35,0.54,0.44,0.99328
1183,9.3,61.0,0.66,6.8,1.6,0.07,16.0,3.29,0.6,0.07,0.99572
1439,11.0666666666667,92.0,0.67,7.3,2.2,0.072,31.0,3.32,0.68,0.02,0.99566
1414,9.6,15.0,0.32,10.0,2.2,0.077,3.0,3.2,0.78,0.59,0.9994
1110,10.0,14.0,0.53,8.3,1.4,0.07,6.0,3.25,0.64,0.0,0.99593
131,13.0,99.0,0.5,5.6,2.3,0.049,17.0,3.63,0.63,0.09,0.9937
118,10.9,56.0,0.55,8.8,2.2,0.119,14.0,3.21,0.6,0.04,0.9962
818,9.4,47.0,0.715,7.1,2.35,0.071,21.0,3.29,0.45,0.0,0.99632
1167,12.4,48.0,0.33,8.2,2.5,0.074,29.0,3.32,0.88,0.39,0.99528
764,9.5,44.0,0.68,9.1,2.8,0.093,11.0,3.31,0.55,0.11,0.99888
611,9.4,16.0,0.38,13.2,2.7,0.081,5.0,2.98,0.54,0.55,1.0006
529,9.4,33.0,0.63,9.9,2.4,0.077,6.0,3.09,0.57,0.24,0.9974
1295,9.5,77.5,0.63,6.6,4.3,0.093,51.0,3.2,0.45,0.0,0.99558
612,10.0,29.0,0.64,7.5,2.4,0.077,18.0,3.32,0.6,0.0,0.9965
641,9.5,68.0,0.59,9.5,2.3,0.071,21.0,3.46,0.63,0.44,0.9992
448,10.2,27.0,0.53,8.6,2.0,0.1,7.0,3.2,0.56,0.22,0.9967
1288,10.2,110.0,0.6,7.0,4.5,0.068,20.0,3.3,1.17,0.3,0.99914
242,9.8,109.0,0.58,7.7,1.8,0.102,28.0,3.08,0.49,0.1,0.99565
1214,10.4,9.0,0.33,10.2,1.9,0.081,6.0,3.1,0.48,0.46,0.99628
501,12.0,76.0,0.44,10.4,6.55,0.074,38.0,3.17,0.85,0.73,0.999
1114,13.6,80.0,0.4,5.0,4.3,0.046,29.0,3.49,0.66,0.5,0.9902
1139,9.5,86.0,0.51,8.2,2.0,0.079,16.0,3.34,0.64,0.24,0.99764
390,12.9,88.0,0.85,5.6,1.4,0.045,12.0,3.56,0.82,0.05,0.9924
1150,12.8,12.0,0.33,8.2,2.8,0.067,4.0,3.3,0.76,0.32,0.99473
1048,10.9,14.0,0.49,9.3,1.7,0.081,3.0,3.27,0.78,0.36,0.99702
852,9.7,122.0,0.42,8.0,2.5,0.08,26.0,3.22,1.07,0.32,0.99801
601,9.0,35.0,0.46,13.2,2.2,0.071,12.0,3.1,0.56,0.52,1.0006
829,11.1,24.0,0.61,5.9,2.1,0.071,16.0,3.56,0.77,0.08,0.99376
1511,9.8,27.0,0.69,7.1,2.1,0.068,19.0,3.44,0.67,0.04,0.99712
1389,9.7,111.0,0.48,6.7,2.2,0.08,36.0,3.1,0.53,0.02,0.99524
188,9.5,143.0,0.5,7.9,2.0,0.084,15.0,3.2,0.55,0.33,0.9968
1262,9.8,66.0,0.45,9.8,2.5,0.081,34.0,3.15,0.58,0.38,0.99726
1569,11.5,34.0,0.51,6.2,1.9,0.056,15.0,3.48,0.57,0.14,0.99396
369,12.0,18.0,0.27,9.4,2.4,0.074,6.0,3.2,1.13,0.53,0.9962
1231,10.8,90.0,0.815,7.8,2.6,0.074,48.0,3.38,0.62,0.01,0.99621
717,10.0,49.0,0.46,7.6,2.6,0.079,12.0,3.21,0.57,0.11,0.9968
1440,11.3,28.0,0.37,7.2,2.0,0.062,15.0,3.23,0.73,0.32,0.9947
531,10.3,42.0,0.38,11.9,2.7,0.098,12.0,3.16,0.61,0.49,1.0004
1426,12.1,60.0,0.23,7.7,1.8,0.046,23.0,3.41,0.71,0.37,0.9971
816,10.5,30.0,0.51,9.8,3.2,0.081,8.0,3.23,0.58,0.19,0.9984
711,9.5,112.0,0.565,8.9,3.0,0.093,16.0,3.38,0.61,0.34,0.9998
163,9.4,121.0,0.6,7.4,7.3,0.07,36.0,3.37,0.49,0.26,0.9982
113,9.7,46.0,0.31,10.1,2.3,0.08,22.0,3.32,0.67,0.44,0.9988
968,12.2,46.0,0.4,9.0,2.4,0.068,29.0,3.2,0.6,0.43,0.9943
1086,11.6,9.0,0.34,8.5,4.7,0.055,3.0,3.38,0.66,0.4,0.99738
1040,10.2,32.0,0.965,7.4,2.2,0.088,16.0,3.58,0.67,0.0,0.99756
1579,11.3,32.0,0.56,6.2,1.7,0.053,24.0,3.54,0.6,0.09,0.99402
654,9.5,29.0,0.47,8.6,2.4,0.074,7.0,3.08,0.46,0.47,0.9979
126,10.9,12.0,1.33,8.2,1.7,0.081,3.0,3.53,0.49,0.0,0.9964
1060,9.9,8.0,0.23,11.6,1.8,0.074,3.0,3.14,0.7,0.57,0.9981
875,11.8,16.0,0.31,8.8,2.8,0.109,7.0,3.31,0.79,0.4,0.99614
710,10.1,84.0,1.025,10.6,2.8,0.08,21.0,3.06,0.57,0.43,0.9985
37,9.7,30.0,0.38,8.1,2.1,0.066,13.0,3.23,0.73,0.28,0.9968
876,10.9,14.0,0.47,7.1,2.2,0.067,7.0,3.4,0.58,0.0,0.99517
160,9.6,20.0,0.95,7.6,2.0,0.09,7.0,3.2,0.56,0.03,0.9959
205,10.8,28.0,0.3,12.8,2.6,0.095,9.0,3.2,0.77,0.74,0.9994
666,9.5,16.0,0.49,8.3,1.8,0.222,6.0,3.18,0.6,0.36,0.998
1238,9.6,24.0,0.73,8.1,2.5,0.081,12.0,3.38,0.46,0.0,0.99798
489,10.2,26.0,0.39,9.3,2.6,0.073,10.0,3.34,0.75,0.4,0.9984
956,11.3,10.0,0.36,9.0,2.1,0.111,5.0,3.31,0.62,0.52,0.99568
945,11.1,20.0,0.44,10.2,2.0,0.071,7.0,3.14,0.79,0.42,0.99566
100,10.2,50.0,0.61,8.3,2.1,0.084,11.0,3.4,0.61,0.3,0.9972
304,9.2,90.0,0.65,8.4,2.1,0.112,12.0,3.2,0.52,0.6,0.9973
1094,10.8,17.0,0.725,6.6,5.5,0.117,9.0,3.35,0.49,0.09,0.99655
639,10.3,57.0,0.29,8.9,1.9,0.067,25.0,3.18,1.36,0.35,0.997
750,9.5,40.0,0.65,8.3,2.9,0.089,17.0,3.29,0.55,0.1,0.99803
858,10.6,32.0,0.28,11.7,1.7,0.054,17.0,3.15,0.67,0.47,0.99686
1427,11.2,23.0,0.41,7.6,2.5,0.078,6.0,3.3,0.58,0.33,0.9957
219,9.5,144.0,0.53,7.8,2.4,0.08,24.0,3.3,0.6,0.33,0.99655
803,9.6,46.0,0.56,7.7,2.5,0.114,14.0,3.24,0.66,0.08,0.9971
209,10.5,19.0,0.3,11.0,2.1,0.054,7.0,3.31,0.88,0.58,0.998
71,9.5,96.0,0.67,7.7,2.1,0.088,17.0,3.32,0.48,0.23,0.9962
657,10.5,42.0,0.5,12.0,1.4,0.073,23.0,2.92,0.68,0.59,0.998
220,9.4,58.0,0.34,7.8,2.0,0.082,24.0,3.34,0.59,0.37,0.9964
650,9.6,32.0,0.43,10.7,2.2,0.106,8.0,2.89,0.5,0.39,0.9986
281,9.9,10.0,0.27,7.7,3.5,0.358,5.0,3.25,1.08,0.68,0.9972
1535,9.7,35.0,0.55,7.0,2.2,0.075,15.0,3.36,0.59,0.13,0.9959
1516,10.6,58.0,0.32,6.1,2.3,0.071,23.0,3.42,0.97,0.25,0.99633
957,11.1,51.0,0.37,9.5,2.0,0.088,12.0,3.29,0.58,0.52,0.99613
409,9.6,49.0,0.46,12.5,4.5,0.07,26.0,3.05,0.57,0.49,0.9981
1407,10.7,54.0,0.51,6.0,2.1,0.064,40.0,3.54,0.93,0.0,0.995
122,9.2,13.0,0.695,7.3,2.5,0.075,3.0,3.49,0.52,0.0,0.998
1076,11.4,8.0,0.32,9.9,2.0,0.073,3.0,3.15,0.73,0.56,0.99534
2,9.8,54.0,0.76,7.8,2.3,0.092,15.0,3.26,0.65,0.04,0.997
1331,9.2,67.0,0.87,7.8,3.8,0.107,31.0,3.26,0.46,0.26,0.99668
472,10.4,68.0,0.37,12.5,2.6,0.083,25.0,3.15,0.82,0.55,0.9995
1597,10.2,44.0,0.645,5.9,2.0,0.075,32.0,3.57,0.71,0.12,0.99547
1031,11.0,15.0,0.55,7.3,1.8,0.093,9.0,3.35,0.58,0.01,0.99514
619,9.3,16.0,0.37,11.3,2.3,0.088,6.0,3.09,0.8,0.41,0.9988
218,9.7,44.0,0.49,7.5,1.9,0.076,10.0,3.39,0.54,0.19,0.9957
1173,9.5,65.0,0.36,7.6,1.7,0.079,26.0,3.46,0.62,0.31,0.99716
651,11.2,155.0,0.88,9.8,2.5,0.104,35.0,3.41,0.67,0.25,1.001
723,9.5,127.0,0.31,7.1,2.2,0.053,36.0,2.94,1.62,0.3,0.9965
1171,10.8,44.0,0.59,7.1,2.2,0.078,26.0,3.42,0.68,0.0,0.99522
453,11.2,22.0,0.33,10.4,2.8,0.084,5.0,3.26,0.74,0.63,0.9998
1572,9.5,104.0,0.69,7.3,2.2,0.069,35.0,3.33,0.51,0.32,0.99632
1451,11.0,17.0,0.32,7.8,2.7,0.104,8.0,3.33,0.78,0.44,0.99732
631,9.5,19.0,0.28,10.4,2.7,0.105,5.0,3.25,0.63,0.54,0.9988
1241,9.8,65.0,0.37,9.8,2.5,0.079,28.0,3.16,0.59,0.39,0.99729
1594,10.5,44.0,0.6,6.2,2.0,0.09,32.0,3.45,0.58,0.08,0.9949
1179,11.0,47.0,0.35,8.2,2.4,0.076,11.0,3.27,0.81,0.33,0.99599
164,9.4,121.0,0.59,7.3,7.2,0.07,35.0,3.37,0.49,0.26,0.9981
99,9.0,35.0,0.545,8.1,1.9,0.08,13.0,3.3,0.59,0.18,0.9972
1455,10.9,17.0,0.9,6.5,1.6,0.052,9.0,3.5,0.63,0.0,0.99467
38,9.8,19.0,1.13,5.7,1.5,0.172,7.0,3.5,0.48,0.09,0.994
942,10.0,52.0,0.43,10.1,2.6,0.092,13.0,3.22,0.64,0.4,0.99834
523,9.4,142.0,0.4,9.3,2.5,0.085,38.0,3.22,0.55,0.49,0.9978
1070,11.1,37.0,0.33,9.3,1.5,0.057,19.0,3.18,0.89,0.45,0.99498
337,10.3,58.0,0.43,7.8,2.8,0.08,29.0,3.31,0.64,0.32,0.9974
352,9.3,19.0,0.665,7.7,2.4,0.09,8.0,3.27,0.73,0.0,0.9974
372,10.6,46.0,0.28,9.1,1.8,0.067,26.0,3.32,1.04,0.48,0.9967
1395,9.55,12.0,0.685,8.6,1.6,0.092,3.0,3.31,0.65,0.1,0.99745
1369,10.4,8.0,0.61,6.6,1.6,0.069,4.0,3.33,0.37,0.0,0.99396
1384,9.5,84.0,0.755,7.1,1.8,0.107,20.0,3.19,0.5,0.15,0.99593
1097,9.4,18.0,0.52,8.6,1.5,0.096,5.0,3.2,0.52,0.38,0.99666
165,9.5,96.0,0.63,7.8,1.7,0.1,14.0,3.19,0.62,0.48,0.9961
530,10.3,28.0,0.22,9.1,2.1,0.078,1.0,3.41,0.87,0.24,0.999
299,9.6,33.0,0.67,6.9,2.1,0.08,8.0,3.68,0.71,0.06,0.99845
1429,11.3,67.0,0.18,7.9,2.2,0.049,38.0,3.33,0.93,0.4,0.996
1256,9.2,60.0,0.59,7.5,1.8,0.082,43.0,3.1,0.42,0.22,0.99499
36,10.8,15.0,0.6,7.8,2.4,0.086,3.0,3.42,0.6,0.14,0.9975
1016,12.6,28.0,0.38,8.9,2.2,0.068,12.0,3.27,0.75,0.4,0.99486
39,10.5,87.0,0.45,7.3,5.9,0.074,12.0,3.33,0.83,0.36,0.9978
197,10.1,27.0,0.3,11.5,2.0,0.067,12.0,3.11,0.97,0.6,0.9981
994,9.4,88.0,0.35,10.0,2.5,0.092,20.0,3.15,0.43,0.45,0.99918
1319,9.1,64.0,0.76,9.1,1.7,0.414,18.0,2.9,1.33,0.68,0.99652
621,9.4,104.0,0.56,8.2,3.4,0.078,14.0,3.28,0.62,0.23,0.9976
724,11.2,12.0,1.115,7.5,3.1,0.086,5.0,3.54,0.6,0.1,0.9958
1390,12.5,33.0,0.49,6.0,2.3,0.068,15.0,3.58,0.59,0.0,0.99292
146,10.0,94.0,0.68,5.8,1.8,0.087,21.0,3.54,0.52,0.02,0.9944
123,9.5,34.0,0.71,8.0,2.6,0.08,11.0,3.44,0.53,0.0,0.9976
1229,9.5,66.0,0.43,7.6,2.1,0.075,19.0,3.4,0.64,0.29,0.99718
1098,12.5,16.0,0.31,8.0,2.1,0.216,5.0,3.15,0.81,0.45,0.99358
989,10.9,21.0,0.295,9.7,1.5,0.073,14.0,3.14,0.51,0.4,0.99556
1334,10.0,11.0,0.835,7.2,2.0,0.166,4.0,3.39,0.52,0.0,0.99608
1410,11.9,16.0,0.96,6.6,1.8,0.082,5.0,3.5,0.44,0.0,0.9936
944,12.1,24.0,0.3,8.3,3.8,0.09,11.0,3.27,0.64,0.49,0.99498
384,9.2,54.0,0.51,7.7,2.1,0.087,23.0,3.42,0.74,0.28,0.998
287,10.3,53.0,0.4,7.5,3.0,0.092,29.0,3.37,0.7,0.12,0.9967
977,9.1,119.0,0.59,8.4,2.6,0.109,31.0,3.15,0.5,0.29,0.99801
910,13.2,11.0,0.38,9.3,3.8,0.132,3.0,3.23,0.57,0.48,0.99577
133,9.8,26.0,0.5,6.6,1.5,0.06,17.0,3.4,0.58,0.01,0.9952
329,9.5,15.0,0.46,10.7,2.0,0.061,7.0,3.18,0.62,0.39,0.9981
1013,10.0,31.0,0.71,7.5,1.6,0.092,22.0,3.38,0.58,0.0,0.99635
30,10.1,82.0,0.675,6.7,2.4,0.089,17.0,3.35,0.54,0.07,0.9958
1118,13.3,24.0,0.39,7.1,2.1,0.065,14.0,3.3,0.53,0.12,0.99252
368,9.4,75.0,0.34,10.3,2.8,0.159,15.0,3.18,0.64,0.52,0.9998
78,10.1,80.0,0.75,6.7,2.0,0.086,12.0,3.38,0.52,0.12,0.9958
966,11.9,10.0,0.38,9.0,2.4,0.103,6.0,3.13,0.58,0.41,0.99604
1132,13.6,38.0,0.36,7.4,1.8,0.075,18.0,3.38,0.88,0.34,0.9933
865,9.7,86.0,0.635,7.2,2.6,0.077,16.0,3.51,0.54,0.07,0.99748
1036,12.5,35.0,0.31,7.6,2.5,0.082,26.0,3.22,0.59,0.34,0.99356
828,12.7,45.0,0.57,7.8,2.3,0.065,34.0,3.46,0.74,0.09,0.99417
347,12.0,15.0,0.49,13.8,3.0,0.093,6.0,3.02,0.93,0.67,0.9986
449,10.8,35.0,0.39,11.9,2.8,0.095,17.0,3.1,0.61,0.69,0.9994
1166,10.2,60.0,0.54,9.9,2.0,0.111,7.0,2.94,0.98,0.26,0.99709
1290,11.0,12.0,0.74,7.6,1.9,0.1,6.0,3.36,0.59,0.0,0.99521
490,10.6,56.0,0.775,9.3,2.8,0.078,24.0,3.31,0.67,0.27,0.9984
95,12.9,106.0,0.6,4.7,2.3,0.058,17.0,3.85,0.6,0.17,0.9932
765,9.5,48.0,0.67,9.2,3.0,0.091,12.0,3.31,0.54,0.1,0.99888
1354,10.0,28.0,0.58,7.2,2.3,0.077,7.0,3.35,0.52,0.03,0.99568
279,10.5,47.0,0.4,8.9,5.6,0.087,10.0,3.38,0.77,0.32,0.9991
725,10.4,13.0,0.66,9.0,3.0,0.077,5.0,3.29,0.55,0.17,0.9976
796,9.6,64.0,0.46,8.7,2.5,0.126,24.0,3.1,0.74,0.31,0.99746
1136,11.4,13.0,0.52,10.4,2.0,0.08,6.0,3.22,0.76,0.45,0.99774
1054,9.1,77.0,0.64,8.2,2.0,0.095,5.0,3.13,0.62,0.27,0.99747
1227,9.6,21.0,0.58,9.0,2.0,0.104,8.0,3.27,0.72,0.25,0.99769
227,9.8,23.0,0.82,9.0,2.6,0.089,9.0,3.39,0.63,0.14,0.9984
1543,10.4,19.0,0.44,11.1,2.2,0.064,14.0,3.25,0.57,0.42,0.99758
1088,9.9,41.0,0.41,11.6,1.5,0.095,22.0,3.02,0.76,0.54,0.99735
694,9.4,125.0,0.47,9.0,2.7,0.084,24.0,3.31,0.61,0.31,0.9984
479,10.1,31.0,0.685,9.4,2.7,0.077,6.0,3.19,0.7,0.11,0.9984
115,10.5,62.0,0.4,9.4,2.2,0.09,13.0,3.07,0.63,0.31,0.9966
1263,9.6,26.0,0.78,8.2,2.2,0.089,13.0,3.37,0.46,0.0,0.9978
1509,11.1,20.0,0.18,7.9,1.8,0.062,7.0,3.28,0.7,0.4,0.9941
124,9.5,102.0,0.5,7.8,1.6,0.082,21.0,3.39,0.48,0.17,0.996
1014,11.2,7.0,0.58,8.0,2.0,0.12,3.0,3.22,0.58,0.16,0.99454
344,10.7,32.0,0.57,11.9,2.6,0.082,6.0,3.12,0.78,0.5,1.0006
1058,11.6,52.0,0.53,9.9,2.4,0.093,30.0,3.19,0.76,0.57,0.9971
251,9.9,34.0,0.6,7.1,1.8,0.074,16.0,3.47,0.7,0.0,0.9972
632,10.5,43.0,0.41,7.6,3.0,0.087,21.0,3.32,0.57,0.14,0.9964
83,9.4,51.0,0.67,7.3,1.8,0.401,16.0,3.16,1.14,0.26,0.9969
1081,12.3,289.0,0.3,7.9,8.3,0.05,37.5,3.01,0.51,0.68,0.99316
1285,10.5,47.0,0.37,11.3,1.8,0.09,20.0,3.15,0.57,0.5,0.99734
782,10.0,96.0,0.82,9.0,2.4,0.081,26.0,3.36,0.53,0.05,0.99814
1462,10.4,31.0,0.64,6.8,2.3,0.075,14.0,3.36,0.58,0.03,0.99545
1377,12.2,74.0,0.49,5.2,2.3,0.09,23.0,3.71,0.62,0.26,0.9953
1226,9.2,46.0,0.58,7.5,4.1,0.08,27.0,3.02,0.47,0.03,0.99592
418,10.4,20.0,0.38,11.9,2.0,0.121,7.0,3.24,0.76,0.51,0.9996
520,10.0,33.0,0.25,9.8,2.7,0.088,15.0,3.42,0.9,0.49,0.9982
1453,9.0,85.0,0.49,7.6,1.9,0.074,27.0,3.41,0.58,0.33,0.99706
1143,10.0,20.0,0.22,7.0,1.8,0.065,16.0,3.61,0.82,0.3,0.99672
1178,11.4,78.0,0.915,5.6,2.1,0.041,17.0,3.68,0.73,0.0,0.99346
730,9.6,37.0,0.55,9.5,2.3,0.387,12.0,3.17,0.67,0.66,0.9982
291,10.5,18.0,0.2,11.0,2.0,0.343,6.0,3.3,0.71,0.48,0.9979
1570,12.4,35.0,0.36,6.4,2.2,0.23,19.0,3.37,0.93,0.53,0.9934
1106,12.3,17.0,0.23,8.2,1.9,0.069,9.0,3.21,0.54,0.42,0.99376
1133,11.2,18.0,0.48,7.2,5.5,0.089,10.0,3.37,0.68,0.07,0.99684
1365,9.5,42.0,0.5,7.8,2.2,0.115,10.0,3.18,0.62,0.09,0.9971
659,11.0,13.0,0.84,7.1,4.4,0.096,5.0,3.41,0.57,0.02,0.997
896,12.5,43.0,0.31,8.3,2.4,0.078,17.0,3.31,0.77,0.39,0.99444
1045,11.4,38.0,0.44,6.9,1.4,0.07,32.0,3.32,0.58,0.0,0.99438
1371,11.6,14.0,0.58,7.5,3.1,0.153,5.0,3.21,1.03,0.56,0.99476
801,10.0,17.0,0.55,8.6,3.3,0.068,8.0,3.23,0.44,0.09,0.99735
1230,11.8,58.0,0.18,7.7,2.7,0.066,15.0,3.37,0.78,0.34,0.9947
1443,11.7,22.0,0.58,6.9,1.75,0.058,8.0,3.38,0.49,0.2,0.99322
768,9.7,94.0,0.59,7.1,2.3,0.082,24.0,3.55,0.53,0.02,0.99744
1236,9.4,17.0,0.55,7.8,1.7,0.07,7.0,3.26,0.64,0.0,0.99659
119,9.2,89.0,0.69,7.0,1.8,0.097,22.0,3.34,0.54,0.08,0.9959
295,9.5,27.0,0.5,10.8,2.5,0.073,5.0,3.05,0.64,0.46,1.0001
769,9.6,32.0,0.72,7.9,1.9,0.076,7.0,3.39,0.54,0.01,0.99668
979,10.4,6.0,0.45,12.2,1.4,0.075,3.0,3.13,0.63,0.49,0.9969
992,9.4,47.0,0.4,6.5,2.0,0.076,30.0,3.36,0.48,0.1,0.99554
104,9.4,36.0,0.49,7.2,2.2,0.07,5.0,3.33,0.48,0.24,0.996
161,9.2,20.0,0.68,7.6,1.3,0.072,9.0,3.17,1.08,0.02,0.9965
1073,10.7,37.0,0.62,8.0,2.7,0.088,16.0,3.31,0.58,0.33,0.9972
1459,11.9,15.0,0.2,7.9,1.7,0.054,7.0,3.32,0.8,0.35,0.99458
1100,12.4,36.0,0.34,8.4,2.1,0.072,23.0,3.11,0.78,0.42,0.99392
1549,11.4,24.0,0.36,7.4,1.8,0.074,17.0,3.24,0.7,0.3,0.99419
175,9.5,49.0,0.5,6.9,1.5,0.085,19.0,3.35,0.78,0.04,0.9958
722,10.0,48.0,0.42,7.6,2.7,0.084,15.0,3.21,0.59,0.08,0.9968
101,10.4,22.0,0.5,7.8,1.9,0.075,8.0,3.31,0.56,0.3,0.9959
1524,10.0,47.0,0.42,6.0,2.0,0.075,22.0,3.39,0.78,0.19,0.99522
821,14.0,42.0,0.42,4.9,2.1,0.048,16.0,3.71,0.74,0.0,0.99154
1032,9.6,14.0,0.82,8.1,4.1,0.095,5.0,3.36,0.53,0.0,0.99854
577,9.5,111.0,0.44,8.8,2.8,0.083,18.0,3.3,0.6,0.49,0.9982
264,10.9,27.0,0.56,12.5,2.4,0.064,5.0,3.08,0.87,0.49,0.9999
548,10.4,69.0,0.35,12.4,2.6,0.079,27.0,3.12,0.75,0.49,0.9994
1469,9.7,49.0,0.98,7.3,2.1,0.061,20.0,3.31,0.55,0.05,0.99705
1473,11.0,45.0,0.6,6.1,1.8,0.071,14.0,3.38,0.54,0.08,0.99336
234,9.0,37.0,1.0,8.2,2.3,0.065,7.0,3.32,0.55,0.09,0.99685
1194,9.5,64.0,0.745,7.0,1.8,0.114,15.0,3.22,0.59,0.12,0.99588
427,10.6,32.0,0.78,9.5,1.9,0.077,6.0,3.26,0.56,0.22,0.9988
515,9.3,151.0,0.655,8.5,6.1,0.122,34.0,3.31,1.14,0.49,1.001
626,9.1,15.0,0.6,8.8,2.2,0.098,5.0,3.36,0.49,0.29,0.9988
899,11.0,11.0,1.02,8.3,3.4,0.084,6.0,3.48,0.49,0.02,0.99892
1063,11.8,17.0,0.29,10.2,2.4,0.075,6.0,3.22,0.63,0.65,0.99565
954,12.2,11.0,0.43,7.6,2.7,0.082,6.0,3.44,0.54,0.4,0.99538
618,10.2,17.0,0.46,11.4,2.7,0.122,4.0,3.13,0.7,0.5,1.0006
1487,10.6,17.0,0.64,6.0,1.9,0.066,9.0,3.52,0.78,0.05,0.99496
599,9.3,22.0,0.59,12.7,2.3,0.082,11.0,3.0,0.7,0.45,1.0
221,9.4,72.0,0.53,7.4,2.0,0.101,16.0,3.15,0.57,0.26,0.9957
464,9.2,15.0,0.315,11.5,2.1,0.084,5.0,2.98,0.7,0.54,0.9987
1157,12.9,101.0,0.51,5.1,2.1,0.042,16.0,3.46,0.87,0.18,0.9924
1447,9.7,39.0,0.67,6.8,1.9,0.08,22.0,3.4,0.74,0.0,0.99701
553,11.5,96.0,1.04,5.0,1.6,0.05,32.0,3.74,0.62,0.24,0.9934
128,10.5,16.0,0.59,8.0,1.8,0.065,3.0,3.42,0.92,0.16,0.9962
1131,9.5,135.0,0.19,5.9,1.7,0.045,57.0,3.32,0.44,0.21,0.99341
866,11.3,24.0,0.49,6.8,2.3,0.071,13.0,3.41,0.83,0.22,0.99438
215,10.5,121.0,0.49,7.0,5.6,0.06,26.0,3.34,0.76,0.49,0.9974
522,9.8,133.0,0.39,8.2,2.3,0.099,47.0,3.38,0.99,0.49,0.9979
991,9.4,68.0,0.34,7.1,2.0,0.082,31.0,3.45,0.48,0.28,0.99694
1378,9.9,28.0,0.45,7.2,2.0,0.078,10.0,3.29,0.51,0.15,0.99609
202,9.5,49.0,0.5,6.8,1.5,0.075,16.0,3.36,0.79,0.11,0.99545
460,11.3,23.0,0.43,9.2,2.3,0.083,14.0,3.35,0.61,0.52,0.9976
748,9.6,31.0,0.5,7.2,2.1,0.071,12.0,3.52,0.72,0.18,0.99761
1352,10.3,57.0,0.645,7.6,1.9,0.086,14.0,3.37,0.46,0.03,0.9969
1532,9.9,22.0,0.53,7.2,2.0,0.058,18.0,3.21,0.68,0.13,0.99573
635,9.7,33.0,0.84,8.7,1.4,0.065,24.0,3.27,0.55,0.0,0.9954
46,9.2,114.0,0.935,7.7,2.2,0.114,22.0,3.25,0.73,0.43,0.997
1082,9.5,70.0,0.38,7.2,1.8,0.073,31.0,3.42,0.59,0.3,0.99685
1126,13.5,11.0,0.29,5.8,1.7,0.063,3.0,3.39,0.54,0.26,0.9915
1210,10.4,15.0,0.65,6.8,2.1,0.078,8.0,3.35,0.62,0.02,0.99498
1555,10.55,24.0,0.56,7.0,1.7,0.065,15.0,3.44,0.68,0.17,0.99514
168,10.4,44.0,0.63,6.8,2.1,0.089,11.0,3.47,0.55,0.07,0.9953
948,11.9,21.0,0.12,8.9,1.8,0.075,10.0,3.41,0.76,0.45,0.99552
159,9.3,86.0,0.6,6.8,1.9,0.079,18.0,3.59,0.57,0.18,0.9968
545,9.1,106.0,0.47,9.1,2.6,0.094,38.0,3.08,0.59,0.49,0.9982
1332,9.7,25.0,0.39,8.4,1.7,0.075,6.0,3.09,0.43,0.1,0.99581
1562,10.1,20.0,0.695,7.2,2.0,0.076,12.0,3.29,0.54,0.13,0.99546
127,10.9,12.0,1.33,8.1,1.8,0.082,3.0,3.54,0.48,0.0,0.9964
1585,11.5,48.0,0.39,7.2,2.6,0.066,22.0,3.3,0.84,0.44,0.99494
670,10.0,45.0,0.4,6.9,2.5,0.083,30.0,3.26,0.58,0.24,0.9959
1478,10.2,14.0,0.875,7.1,5.7,0.082,3.0,3.4,0.52,0.05,0.99808
692,9.0,62.0,0.49,8.6,2.0,0.422,16.0,3.03,1.17,0.51,0.9979
935,11.8,72.0,0.3,8.8,2.3,0.06,19.0,3.39,0.72,0.38,0.99543
978,11.3,29.0,0.4,7.0,3.6,0.061,9.0,3.28,0.49,0.32,0.99416
333,11.0,44.0,0.56,8.4,2.1,0.105,16.0,3.13,0.52,0.08,0.9958
380,9.4,27.0,0.26,8.3,2.0,0.08,11.0,3.21,0.8,0.42,0.9974
1280,10.4,54.0,0.46,7.1,1.9,0.077,28.0,3.37,0.64,0.2,0.9956
988,9.4,27.0,0.39,7.7,1.7,0.097,19.0,3.16,0.49,0.12,0.99596
778,10.5,34.0,0.43,8.3,3.4,0.079,7.0,3.36,0.61,0.3,0.99788
509,11.4,43.0,0.29,13.3,2.8,0.084,23.0,3.04,0.68,0.75,0.9986
617,9.8,28.0,0.31,11.5,2.2,0.079,14.0,3.03,0.93,0.51,0.9982
109,9.3,153.0,0.785,8.1,2.0,0.122,37.0,3.21,0.69,0.52,0.9969
1085,9.6,64.0,0.48,6.8,1.8,0.074,40.0,3.12,0.49,0.08,0.99529
436,10.2,62.0,0.67,8.0,2.0,0.06,38.0,3.26,0.56,0.3,0.9958
96,10.7,23.0,0.775,6.8,3.0,0.102,8.0,3.45,0.56,0.0,0.9965
190,9.4,127.0,0.5,8.2,2.9,0.077,21.0,3.23,0.62,0.35,0.9976
742,9.2,18.0,0.615,6.5,1.9,0.065,9.0,3.46,0.65,0.0,0.9972
258,9.4,45.0,0.41,7.7,1.8,0.611,8.0,3.06,1.26,0.76,0.9968
1225,9.4,77.0,0.46,9.2,2.6,0.091,18.0,3.15,0.51,0.23,0.99922
1267,11.4,19.0,0.43,10.4,2.3,0.068,13.0,3.1,0.87,0.5,0.996
695,12.8,44.0,0.47,5.1,1.3,0.034,18.0,3.9,0.62,0.02,0.9921
428,9.3,30.0,0.52,9.1,1.3,0.07,9.0,3.24,0.6,0.33,0.9978
1028,10.1,68.0,0.34,7.2,2.5,0.075,41.0,3.37,0.54,0.21,0.99586
18,9.0,29.0,0.59,7.4,4.4,0.086,6.0,3.38,0.5,0.08,0.9974
1127,11.5,52.0,0.76,6.3,2.9,0.072,26.0,3.51,0.6,0.0,0.99379
183,9.3,65.0,0.61,6.8,1.8,0.077,11.0,3.54,0.58,0.2,0.9971
1512,10.4,17.0,0.79,6.4,2.2,0.061,11.0,3.53,0.65,0.04,0.99588
338,11.5,99.0,0.49,12.4,3.0,0.103,28.0,3.16,1.0,0.58,1.0008
354,11.9,165.0,0.21,6.1,1.4,0.066,40.5,3.25,0.59,0.4,0.9912
103,9.2,65.0,0.575,8.1,2.1,0.077,12.0,3.29,0.51,0.22,0.9967
757,9.8,31.0,0.87,8.1,2.2,0.084,10.0,3.25,0.5,0.0,0.99656
1112,11.0,35.0,0.33,7.9,1.5,0.056,6.0,3.29,0.71,0.41,0.99396
396,9.9,124.0,0.735,6.6,7.9,0.122,68.0,3.47,0.53,0.02,0.9994
1321,12.5,46.0,0.74,5.0,1.2,0.041,16.0,4.01,0.59,0.0,0.99258
56,9.6,10.0,0.42,10.2,3.4,0.07,4.0,3.04,0.63,0.57,0.9971
1276,12.0,10.0,0.4,8.5,6.3,0.05,3.0,3.28,0.56,0.4,0.99566
1282,10.9,22.0,0.765,7.9,2.0,0.084,9.0,3.33,0.68,0.0,0.99619
342,9.8,14.0,0.39,10.9,1.8,0.118,6.0,3.3,0.75,0.47,0.9982
853,10.9,55.0,0.36,9.3,1.5,0.08,41.0,3.47,0.73,0.39,0.99652
735,9.5,22.0,0.965,7.7,2.1,0.112,11.0,3.26,0.5,0.1,0.9963
885,10.5,30.0,0.75,8.9,2.5,0.086,9.0,3.34,0.64,0.14,0.99824
911,10.9,9.0,0.28,9.1,9.0,0.114,3.0,3.18,0.6,0.46,0.99901
537,10.7,13.0,0.825,8.1,2.1,0.084,5.0,3.37,0.77,0.24,0.9972
1394,9.2,73.0,0.57,6.4,3.9,0.07,27.0,3.32,0.48,0.14,0.99669
492,13.4,27.0,0.4,8.9,2.6,0.052,13.0,3.32,0.9,0.51,0.995
881,11.4,35.0,0.715,7.6,2.1,0.068,30.0,3.48,0.65,0.0,0.99533
339,9.8,29.0,0.28,12.5,2.3,0.082,12.0,3.11,1.36,0.54,0.9997
554,11.1,23.0,0.645,15.5,4.2,0.095,10.0,2.92,0.74,0.49,1.00315
20,9.4,60.0,0.22,8.9,1.8,0.077,29.0,3.39,0.53,0.48,0.9968
367,9.0,24.0,0.575,10.4,2.6,0.076,11.0,3.16,0.69,0.61,1.0
931,9.8,38.0,0.61,7.4,2.0,0.074,13.0,3.48,0.65,0.01,0.99748
680,9.0,40.0,0.43,13.3,1.9,0.07,15.0,3.06,0.49,0.58,1.0004
1486,10.3,23.0,0.68,6.8,2.1,0.07,9.0,3.38,0.6,0.21,0.99546
480,9.2,23.0,0.28,10.6,15.5,0.069,6.0,3.12,0.66,0.39,1.0026
1445,9.6,98.0,0.785,7.4,5.2,0.094,19.0,3.16,0.52,0.19,0.99713
171,9.2,18.0,0.42,8.0,2.0,0.073,6.0,3.29,0.61,0.17,0.9972
794,12.5,26.0,0.27,10.1,2.3,0.065,7.0,3.17,0.53,0.54,0.99531
1309,9.2,63.0,0.62,7.0,1.4,0.071,27.0,3.28,0.61,0.1,0.996
302,10.0,28.0,0.705,8.3,2.6,0.092,12.0,3.51,0.72,0.12,0.9994
1120,13.1,17.0,0.54,7.9,2.5,0.076,8.0,3.2,0.72,0.34,0.99235
1438,10.3,8.0,0.59,7.0,1.7,0.052,3.0,3.41,0.47,0.0,0.996
411,9.5,78.0,0.45,9.1,2.4,0.08,23.0,3.38,0.62,0.35,0.9987
48,9.2,12.0,0.4,6.4,1.6,0.066,5.0,3.34,0.56,0.23,0.9958
556,11.7,17.0,0.53,10.9,4.6,0.118,10.0,3.07,0.56,0.49,1.0002
63,9.8,54.0,0.735,7.0,2.0,0.081,13.0,3.39,0.57,0.05,0.9966
8,9.5,18.0,0.58,7.8,2.0,0.073,9.0,3.36,0.57,0.02,0.9968
579,9.8,40.0,0.31,10.6,2.2,0.063,18.0,3.14,0.51,0.49,0.9976
739,9.3,38.0,0.69,9.0,2.4,0.088,19.0,3.35,0.6,0.0,0.999
1545,10.1,28.0,0.63,6.5,1.8,0.059,16.0,3.36,0.64,0.33,0.99531
1162,11.8,19.0,0.32,8.5,2.3,0.075,12.0,3.14,0.71,0.42,0.99434
622,9.5,32.0,0.58,10.0,1.9,0.08,9.0,3.13,0.55,0.22,0.9974
1587,10.9,28.0,0.61,5.8,1.8,0.066,18.0,3.55,0.66,0.11,0.99483
675,10.2,31.0,0.41,9.3,2.2,0.064,12.0,3.26,0.65,0.39,0.9984
229,11.0,37.0,0.52,6.9,2.6,0.081,10.0,3.46,0.5,0.25,0.99685
802,12.9,86.0,0.585,5.1,1.7,0.044,14.0,3.56,0.94,0.0,0.99264
265,10.2,10.0,0.26,11.8,1.8,0.071,6.0,3.2,0.72,0.52,0.9968
836,11.7,100.0,0.28,6.7,2.4,0.012,36.0,3.26,0.39,0.28,0.99064
129,9.4,19.0,0.38,6.1,1.8,0.072,6.0,3.42,0.57,0.15,0.9955
1239,11.8,20.0,0.67,6.5,4.3,0.057,11.0,3.45,0.56,0.0,0.99488
1305,9.8,88.0,0.61,7.5,1.9,0.073,24.0,3.3,0.53,0.26,0.99612
965,11.0,48.0,0.34,8.3,2.4,0.065,24.0,3.34,0.86,0.4,0.99554
341,11.3,18.0,0.42,10.6,2.7,0.065,5.0,3.21,0.87,0.48,0.9972
145,9.4,141.0,0.67,8.1,1.8,0.117,32.0,3.17,0.62,0.55,0.9968
671,9.5,13.0,0.73,8.2,1.7,0.074,5.0,3.2,0.52,0.21,0.9968
1550,9.5,26.0,0.68,7.1,2.3,0.087,17.0,3.45,0.53,0.0,0.99783
266,9.8,61.0,0.87,8.1,3.3,0.096,26.0,3.6,0.72,0.0,1.00025
1464,9.7,53.0,0.59,6.8,1.7,0.063,34.0,3.41,0.67,0.1,0.9958
789,9.3,119.0,0.63,8.6,2.9,0.099,21.0,3.09,0.52,0.17,0.998
841,10.3,31.0,0.66,6.6,3.0,0.115,21.0,3.45,0.63,0.0,0.99629
1586,11.4,60.0,0.31,7.5,2.4,0.065,34.0,3.34,0.85,0.41,0.99492
589,10.5,13.0,0.29,10.2,2.6,0.059,5.0,3.05,0.74,0.49,0.9976
296,9.9,70.0,0.83,10.6,2.6,0.086,26.0,3.16,0.52,0.37,0.9981
1492,11.95,18.0,0.65,6.2,1.6,0.05,6.0,3.57,0.54,0.06,0.99348
1041,9.8,26.0,0.49,6.9,1.7,0.079,13.0,3.38,0.64,0.19,0.99547
960,11.1,38.0,0.47,8.5,1.9,0.058,18.0,3.16,0.85,0.27,0.99518
410,9.5,86.0,0.43,9.0,2.5,0.08,26.0,3.38,0.62,0.34,0.9987
912,12.2,8.0,0.46,10.0,2.9,0.065,4.0,3.33,0.62,0.44,0.99674
1141,11.0,71.0,0.38,8.2,2.5,0.08,24.0,3.27,0.85,0.32,0.99624
1023,12.3,9.0,0.32,8.2,2.3,0.098,3.0,3.27,0.55,0.42,0.99506
547,10.7,21.0,0.31,10.6,2.5,0.067,6.0,3.26,0.86,0.49,0.9987
1083,12.0,59.0,0.42,8.7,2.4,0.072,32.0,3.33,0.77,0.45,0.99617
552,10.0,44.0,0.46,9.5,2.7,0.092,14.0,3.12,0.74,0.24,0.998
629,9.3,84.0,0.685,7.6,2.3,0.111,20.0,3.21,0.61,0.23,0.9964
1204,11.0,44.0,0.36,7.2,2.1,0.074,24.0,3.4,0.85,0.46,0.99534
261,9.4,67.0,0.975,7.0,2.0,0.087,12.0,3.35,0.6,0.04,0.99565
143,9.4,20.0,0.39,6.3,1.7,0.066,3.0,3.34,0.58,0.08,0.9954
1538,12.0,26.0,0.64,6.2,2.5,0.081,15.0,3.57,0.63,0.09,0.99538
247,9.3,73.0,0.6,8.2,2.3,0.072,11.0,3.2,0.45,0.17,0.9963
245,9.9,23.0,0.66,7.3,2.0,0.084,6.0,3.61,0.96,0.0,0.9983
510,9.5,43.0,0.42,12.4,4.6,0.073,19.0,3.02,0.61,0.49,0.9978
353,13.0,77.0,0.53,13.5,4.8,0.12,23.0,3.18,0.77,0.79,1.0018
584,10.7,80.0,0.33,11.8,3.4,0.093,54.0,3.3,0.76,0.49,1.0002
1062,11.4,15.0,0.38,8.0,1.9,0.098,6.0,3.3,0.64,0.44,0.9956
1537,10.2,31.0,0.58,5.4,1.9,0.059,20.0,3.5,0.64,0.08,0.99484
1297,12.1,29.0,0.53,7.2,2.1,0.064,15.0,3.35,0.61,0.14,0.99323
439,9.3,50.0,0.62,7.0,1.5,0.062,7.0,3.08,0.6,0.18,0.9951
1061,12.5,16.0,0.4,9.1,1.8,0.071,7.0,3.21,0.69,0.5,0.99462
257,9.2,56.0,0.695,6.6,2.1,0.075,12.0,3.49,0.67,0.0,0.9968
134,9.9,29.0,1.04,7.9,2.2,0.084,13.0,3.22,0.55,0.05,0.9959
667,9.2,15.0,0.34,11.3,2.0,0.082,6.0,2.94,0.66,0.45,0.9988
1277,9.7,10.0,0.69,7.0,1.9,0.114,3.0,3.35,0.6,0.0,0.99636
636,9.4,147.0,0.88,9.6,2.4,0.086,30.0,3.24,0.53,0.28,0.9979
540,9.6,47.0,0.59,9.2,3.3,0.101,20.0,3.26,0.67,0.24,0.9988
568,10.7,20.0,0.5,9.8,2.6,0.25,5.0,3.31,0.79,0.49,0.999
13,9.1,29.0,0.61,7.8,1.6,0.114,9.0,3.26,1.56,0.29,0.9974
1222,9.6,89.0,0.53,8.1,2.2,0.078,33.0,3.26,0.46,0.22,0.99678
26,9.5,11.0,0.41,7.6,1.8,0.08,4.0,3.28,0.59,0.24,0.9962
583,9.9,21.0,0.28,12.0,1.9,0.074,10.0,2.98,0.66,0.49,0.9976
832,9.9,48.0,0.44,10.4,1.5,0.145,34.0,3.38,0.86,0.42,0.99832
300,10.7,44.0,0.53,7.5,2.6,0.086,20.0,3.38,0.59,0.06,0.9965
272,10.1,65.0,0.37,10.9,4.0,0.071,17.0,3.22,0.78,0.58,0.99935
1243,9.5,86.0,0.56,8.3,2.4,0.082,10.0,3.37,0.62,0.22,0.9983
967,9.2,113.0,0.66,8.5,2.1,0.097,23.0,3.13,0.48,0.2,0.99733
684,9.4,152.0,0.98,9.8,2.3,0.078,35.0,3.25,0.48,0.32,0.998
664,10.2,54.0,0.4,12.1,2.0,0.092,15.0,3.03,0.66,0.52,1.0
1119,12.9,15.0,0.66,5.6,2.5,0.066,7.0,3.52,0.58,0.0,0.99256
766,9.4,74.0,0.59,8.8,2.9,0.089,12.0,3.14,0.54,0.18,0.99738
986,11.4,7.0,0.34,9.8,1.4,0.066,3.0,3.19,0.55,0.39,0.9947
785,9.5,61.0,0.35,9.9,2.3,0.083,11.0,3.21,0.5,0.41,0.9982
136,9.5,52.0,0.715,8.3,1.8,0.089,10.0,3.23,0.77,0.15,0.9968
787,10.1,58.0,0.56,10.0,2.2,0.079,19.0,3.18,0.56,0.24,0.9991
1360,10.9,38.0,0.54,9.2,2.3,0.112,11.0,3.24,0.56,0.31,0.99699
381,10.0,43.0,0.415,13.7,2.9,0.085,17.0,3.06,0.8,0.68,1.0014
1373,9.3,89.0,0.75,7.7,3.8,0.11,34.0,3.24,0.45,0.27,0.99664
517,8.4,16.0,0.61,10.4,2.1,0.2,5.0,3.16,0.63,0.49,0.9994
1270,14.0,60.0,0.38,5.0,1.6,0.048,26.0,3.7,0.75,0.01,0.99084
1316,12.5,46.0,0.74,5.4,1.2,0.041,16.0,4.01,0.59,0.0,0.99258
349,9.4,28.0,0.785,9.1,2.6,0.093,11.0,3.36,0.86,0.0,0.9994
493,11.6,81.0,0.69,8.7,3.0,0.086,23.0,3.48,0.74,0.31,1.0002
741,9.5,139.0,0.53,9.2,2.6,0.078,28.0,3.21,0.57,0.24,0.99788
1190,12.5,20.0,0.4,9.1,4.6,0.08,6.0,3.28,0.57,0.57,0.99652
294,9.5,53.0,0.34,13.3,3.2,0.094,17.0,3.05,0.81,0.52,1.0014
1092,11.5,16.0,0.54,7.0,2.0,0.081,10.0,3.43,0.59,0.09,0.99479
1342,10.4,31.0,0.54,7.6,1.7,0.085,17.0,3.37,0.51,0.02,0.99589
1185,11.9,39.0,0.43,7.0,2.0,0.085,6.0,3.33,0.46,0.3,0.99346
455,13.4,19.0,0.62,11.3,5.2,0.086,6.0,3.22,0.69,0.67,0.9988
1046,10.7,45.0,0.78,7.6,1.7,0.076,33.0,3.31,0.62,0.0,0.99612
408,11.3,16.0,0.34,10.4,3.7,0.174,6.0,3.19,0.7,0.58,0.997
688,9.4,9.0,0.66,7.7,1.6,0.039,4.0,3.4,0.47,0.04,0.9962
345,9.9,63.0,0.685,7.0,1.9,0.067,40.0,3.6,0.81,0.0,0.9979
327,11.5,13.0,0.44,10.3,4.5,0.107,5.0,3.28,0.83,0.5,0.998
195,9.4,120.0,0.59,7.8,2.0,0.074,24.0,3.25,0.54,0.33,0.9968
488,10.8,67.0,0.32,11.6,2.8,0.081,35.0,3.32,0.92,0.55,1.0002
346,12.3,34.0,0.815,6.6,2.7,0.072,17.0,3.58,0.89,0.02,0.9955
870,11.8,43.0,0.715,7.7,2.1,0.064,31.0,3.41,0.57,0.01,0.99371
75,10.5,42.0,0.41,8.8,2.2,0.093,9.0,3.54,0.66,0.64,0.9986
1501,9.4,64.0,0.82,7.8,4.3,0.083,21.0,3.16,0.53,0.29,0.99642
474,9.4,24.0,0.28,10.5,1.7,0.08,10.0,3.2,0.89,0.51,0.9982
652,14.9,71.0,0.36,15.9,7.5,0.096,22.0,2.98,0.84,0.65,0.9976
1406,10.9,22.0,0.24,8.2,5.1,0.062,8.0,3.22,0.94,0.34,0.9974
679,9.6,49.0,0.26,10.8,3.3,0.06,20.0,3.13,0.54,0.45,0.9972
1381,9.6,25.0,0.83,6.8,1.8,0.074,4.0,3.38,0.45,0.09,0.99534
1470,9.7,24.0,0.69,10.0,1.4,0.084,8.0,2.88,0.47,0.11,0.99578
1019,10.4,23.0,0.5,7.0,1.8,0.078,10.0,3.53,0.61,0.14,0.99636
284,9.8,71.0,0.59,9.9,3.4,0.102,32.0,3.31,0.71,0.07,1.00015
1015,11.4,27.0,0.39,10.5,2.2,0.075,14.0,3.06,0.84,0.46,0.99598
1506,10.8,14.0,0.81,6.8,2.0,0.07,6.0,3.51,0.66,0.05,0.99562
550,9.5,25.0,0.51,6.8,2.1,0.074,9.0,3.33,0.56,0.01,0.9958
672,9.5,151.0,1.24,9.8,2.0,0.079,32.0,3.15,0.53,0.34,0.998
800,9.4,108.0,0.61,7.2,4.0,0.082,26.0,3.25,0.51,0.08,0.99641
1287,13.0,7.0,0.6,8.0,2.6,0.056,3.0,3.22,0.37,0.08,0.99286
597,10.0,18.0,0.58,11.9,1.9,0.071,5.0,3.09,0.63,0.58,0.998
1313,10.1,65.0,0.36,7.0,2.3,0.086,20.0,3.4,0.54,0.21,0.99558
524,9.5,116.0,0.43,9.2,2.4,0.086,23.0,3.23,0.64,0.49,0.9976
677,9.9,31.0,0.8,8.6,2.3,0.084,12.0,3.4,0.48,0.11,0.9979
894,9.8,88.0,0.63,7.2,2.2,0.08,17.0,3.53,0.58,0.03,0.99745
822,9.8,36.0,0.54,6.7,2.0,0.076,15.0,3.61,0.64,0.13,0.9973
335,12.2,21.0,0.695,11.9,3.4,0.128,7.0,3.17,0.84,0.53,0.9992
1432,11.7,11.0,0.44,5.9,1.6,0.042,3.0,3.48,0.85,0.0,0.9944
330,12.5,41.0,0.36,10.2,2.9,0.122,10.0,3.23,0.66,0.64,0.998
580,9.6,14.0,0.5,12.3,2.2,0.089,5.0,3.19,0.44,0.49,1.0002
784,9.8,85.0,0.59,7.1,2.5,0.077,20.0,3.55,0.59,0.01,0.99746
1039,11.1,39.0,0.5,8.9,2.2,0.088,21.0,3.33,0.83,0.21,0.99692
292,10.3,48.0,0.55,10.4,2.7,0.091,18.0,3.22,0.64,0.23,0.9994
1087,11.2,30.0,0.19,7.9,1.6,0.057,18.0,3.29,0.69,0.42,0.994
1493,9.7,147.0,0.54,7.7,1.9,0.089,23.0,3.26,0.59,0.26,0.99636
1489,10.8,11.0,0.57,6.2,2.1,0.048,4.0,3.44,0.76,0.1,0.99448
402,10.5,64.0,0.48,12.2,2.6,0.085,19.0,3.1,0.61,0.54,1.0
481,11.7,17.0,0.3,9.4,2.8,0.08,6.0,3.15,0.92,0.56,0.9964
496,9.0,38.0,0.52,7.8,1.9,0.081,14.0,3.43,0.65,0.25,0.9984
1413,10.1,89.0,0.57,9.9,2.0,0.104,12.0,3.04,0.9,0.25,0.9963
1312,10.5,41.0,1.18,8.0,1.9,0.083,14.0,3.34,0.47,0.21,0.99532
108,9.6,80.0,0.33,8.0,2.5,0.091,18.0,3.37,0.8,0.53,0.9976
84,10.3,61.0,0.3,6.3,1.8,0.069,18.0,3.44,0.78,0.48,0.9959
605,9.2,24.0,0.6,8.3,2.6,0.085,6.0,3.31,0.59,0.13,0.9984
1386,9.6,23.0,0.64,7.4,1.8,0.1,8.0,3.3,0.58,0.07,0.9961
1454,10.9,23.0,0.45,11.7,2.2,0.073,7.0,3.21,0.69,0.63,0.99974
1091,11.4,19.0,0.34,7.9,2.0,0.086,8.0,3.35,0.6,0.42,0.99546
733,9.5,72.0,0.45,7.0,2.7,0.082,16.0,3.55,0.6,0.34,0.998
955,10.4,23.0,0.21,8.5,1.9,0.09,9.0,3.36,0.67,0.52,0.99648
286,10.3,49.0,0.45,12.0,2.0,0.073,25.0,3.1,0.76,0.55,0.9997
269,10.1,23.0,0.18,11.5,4.0,0.104,4.0,3.28,0.97,0.51,0.9996
615,9.7,71.0,0.6,9.6,2.3,0.079,28.0,3.5,0.57,0.5,0.9997
192,9.5,126.0,0.63,6.8,3.8,0.099,16.0,3.28,0.61,0.12,0.9969
539,11.2,17.0,0.5,11.2,5.15,0.1,5.0,3.22,0.62,0.74,0.9996
1142,11.4,12.0,0.45,6.9,2.4,0.043,6.0,3.3,0.65,0.11,0.99354
1245,10.5,34.0,0.55,7.4,1.8,0.082,15.0,3.49,0.68,0.19,0.99655
362,10.0,37.0,0.58,11.9,2.5,0.072,6.0,3.05,0.56,0.66,0.9992
1471,12.6,16.0,0.7,6.7,3.75,0.067,8.0,3.43,0.52,0.08,0.99334
174,9.5,35.0,0.38,7.3,2.0,0.08,7.0,3.33,0.47,0.21,0.9961
780,9.4,45.0,0.57,7.0,2.0,0.19,12.0,3.31,0.6,0.0,0.99676
1314,10.1,69.0,0.36,7.0,2.4,0.086,24.0,3.4,0.53,0.21,0.99556
721,9.2,106.0,0.48,8.9,2.85,0.094,35.0,3.1,0.53,0.24,0.9982
1484,10.9,11.0,0.91,6.8,2.0,0.06,4.0,3.53,0.64,0.06,0.99592
223,10.0,28.0,0.645,8.6,2.0,0.083,8.0,3.28,0.6,0.25,0.99815
471,11.4,52.0,0.54,9.6,2.4,0.081,25.0,3.2,0.71,0.42,0.997
1405,11.3,34.0,0.28,7.7,2.0,0.062,18.0,3.28,0.9,0.3,0.9952
930,10.5,25.0,0.61,6.6,1.9,0.08,8.0,3.69,0.73,0.01,0.99746
1121,12.3,28.0,0.5,6.6,1.8,0.062,21.0,3.44,0.55,0.0,0.99352
1448,9.7,54.0,0.58,6.9,1.9,0.08,40.0,3.4,0.73,0.01,0.99683
1017,12.7,109.0,0.18,8.0,0.9,0.049,36.0,2.89,0.44,0.37,0.99007
1460,10.4,64.0,0.42,6.4,2.3,0.054,34.0,3.41,0.68,0.09,0.99724
1418,9.8,19.0,0.53,7.8,1.6,0.077,3.0,3.16,0.46,0.01,0.995
970,10.9,10.0,0.26,10.4,1.9,0.066,6.0,3.33,0.87,0.48,0.99724
288,10.6,49.0,0.52,8.7,2.5,0.091,20.0,3.34,0.86,0.09,0.9976
252,10.5,21.0,0.35,11.1,3.1,0.09,5.0,3.17,0.53,0.48,0.9986
1488,11.4,13.0,0.54,5.6,1.7,0.049,5.0,3.72,0.58,0.04,0.9942
1558,9.5,115.0,0.63,6.9,6.7,0.235,66.0,3.22,0.56,0.33,0.99787
407,10.8,30.0,0.39,12.0,3.0,0.093,12.0,3.18,0.63,0.66,0.9996
16,10.5,103.0,0.28,8.5,1.8,0.092,35.0,3.3,0.75,0.56,0.9969
916,11.0,62.0,0.715,5.3,1.5,0.161,7.0,3.62,0.61,0.19,0.99395
1593,9.5,38.0,0.62,6.8,1.9,0.068,28.0,3.42,0.82,0.08,0.99651
454,11.1,67.0,0.23,7.0,1.6,0.063,21.0,3.5,0.63,0.4,0.9952
534,10.0,32.0,0.48,10.0,2.7,0.102,13.0,3.28,0.56,0.24,1.0
726,11.1,49.0,0.72,8.1,2.8,0.084,18.0,3.43,0.72,0.09,0.9994
1430,10.4,47.0,0.41,7.4,1.8,0.066,18.0,3.37,0.62,0.24,0.9956
259,10.5,33.0,0.31,10.0,2.6,0.085,14.0,3.36,0.8,0.47,0.99965
189,9.5,144.0,0.49,7.9,1.9,0.082,17.0,3.2,0.55,0.32,0.9968
1588,12.8,102.0,0.66,7.2,2.5,0.068,34.0,3.27,0.78,0.33,0.99414
879,9.5,88.0,0.6,7.2,2.5,0.076,18.0,3.53,0.55,0.04,0.99745
1320,10.1,88.0,0.66,9.7,2.6,0.094,12.0,3.26,0.66,0.34,0.99796
1449,11.3,29.0,0.38,7.2,2.0,0.056,15.0,3.23,0.76,0.31,0.99472
1521,9.05,23.0,0.48,6.9,1.9,0.082,9.0,3.39,0.43,0.2,0.99585
1177,12.7,11.0,0.66,7.1,2.4,0.052,6.0,3.35,0.66,0.0,0.99318
1115,11.3,21.0,0.69,7.0,2.5,0.091,15.0,3.38,0.6,0.07,0.99572
752,9.4,66.0,0.54,7.6,2.5,0.097,24.0,3.39,0.61,0.13,0.99785
1442,9.8,30.0,0.63,6.9,1.9,0.078,18.0,3.4,0.75,0.02,0.99712
1539,9.9,60.0,0.39,7.2,1.8,0.065,34.0,3.46,0.78,0.32,0.99714
585,9.6,38.0,0.51,7.6,2.4,0.091,8.0,3.47,0.66,0.24,0.998
513,11.8,15.0,0.51,10.5,2.4,0.107,6.0,3.09,0.66,0.64,0.9973
869,10.9,43.0,0.63,7.6,2.0,0.08,27.0,3.44,0.64,0.03,0.99578
712,9.4,33.0,0.69,8.7,3.2,0.084,13.0,3.36,0.45,0.0,0.9992
1591,11.6,26.0,0.74,5.4,1.7,0.089,16.0,3.67,0.56,0.09,0.99402
861,11.5,88.0,1.01,5.8,2.0,0.039,15.0,3.66,0.6,0.66,0.99357
714,9.8,77.0,0.74,9.9,2.6,0.078,21.0,3.28,0.51,0.28,0.998
731,11.5,14.0,0.875,8.9,3.45,0.088,4.0,3.44,0.52,0.13,0.9994
137,9.2,45.0,0.415,7.2,2.0,0.081,13.0,3.48,0.64,0.36,0.9972
1197,9.8,9.0,0.57,7.7,1.5,0.069,4.0,3.16,0.54,0.21,0.99458
1519,10.2,27.0,0.7,6.6,2.6,0.106,14.0,3.44,0.58,0.08,0.99665
573,9.6,47.0,0.59,10.5,2.1,0.07,14.0,3.3,0.56,0.49,0.9991
840,12.1,34.0,0.42,11.1,2.65,0.085,9.0,3.24,0.77,0.47,0.99736
421,12.3,48.0,0.84,6.6,2.3,0.059,32.0,3.52,0.56,0.03,0.9952
1424,9.6,23.0,0.26,8.3,1.4,0.076,8.0,3.26,0.7,0.37,0.9974
1195,9.5,56.0,0.43,6.2,1.8,0.078,21.0,3.52,0.6,0.22,0.99633
713,9.4,48.0,0.43,8.0,2.3,0.075,10.0,3.34,0.46,0.36,0.9976
1269,14.0,87.0,0.49,5.5,1.8,0.044,28.0,3.5,0.82,0.03,0.9908
1024,10.5,18.0,0.58,7.7,1.8,0.088,12.0,3.32,0.56,0.01,0.99568
25,9.3,23.0,0.39,6.3,1.4,0.08,11.0,3.34,0.56,0.16,0.9955
246,9.5,51.0,0.68,7.1,1.9,0.075,16.0,3.38,0.52,0.07,0.99685
1346,11.4,13.0,0.59,6.1,2.1,0.056,5.0,3.52,0.56,0.01,0.99472
90,9.5,140.0,0.52,7.9,1.9,0.079,42.0,3.23,0.54,0.26,0.9964
371,8.7,25.0,0.24,7.9,1.6,0.056,11.0,3.32,0.87,0.4,0.9967
14,9.2,145.0,0.62,8.9,3.8,0.176,52.0,3.16,0.88,0.18,0.9986
198,13.0,93.0,0.835,5.4,1.2,0.046,13.0,3.57,0.85,0.08,0.9924
1302,11.2,15.0,0.37,9.1,2.1,0.064,4.0,3.3,0.8,0.32,0.99576
860,9.5,85.0,0.62,7.2,2.7,0.077,15.0,3.51,0.54,0.06,0.99746
1182,10.5,54.0,0.4,10.2,2.5,0.068,41.0,3.38,0.86,0.4,0.99754
1497,11.5,16.0,0.74,6.9,2.3,0.054,7.0,3.45,0.63,0.03,0.99508
1298,12.2,18.0,0.6,5.7,1.4,0.063,11.0,3.45,0.56,0.0,0.99191
588,14.0,50.0,0.42,5.0,2.0,0.06,19.0,3.72,0.74,0.24,0.9917
442,11.2,43.0,0.685,15.6,3.7,0.1,6.0,2.95,0.68,0.76,1.0032
463,9.0,129.0,0.66,8.1,2.2,0.098,25.0,3.08,0.53,0.7,0.9972
1551,9.4,27.0,0.67,7.1,2.3,0.083,18.0,3.44,0.54,0.0,0.99768
51,9.4,15.0,0.52,6.6,2.2,0.069,8.0,3.4,0.63,0.04,0.9956
972,11.6,13.0,0.38,10.1,2.4,0.104,6.0,3.22,0.65,0.5,0.99643
808,9.2,12.0,0.53,7.4,1.9,0.165,4.0,3.26,0.86,0.12,0.99702
1408,12.4,53.0,0.29,8.1,2.2,0.048,35.0,3.27,1.01,0.36,0.995
465,9.7,26.0,0.29,10.0,2.9,0.098,10.0,3.48,0.91,0.4,1.0006
82,9.1,73.0,0.5,7.4,2.0,0.086,21.0,3.36,0.57,0.47,0.997
1480,10.1,13.0,0.62,5.6,1.5,0.08,6.0,3.66,0.62,0.03,0.99498
1382,9.9,105.0,0.6,8.0,2.1,0.08,25.0,3.3,0.49,0.22,0.99613
483,9.4,18.0,0.36,10.6,2.2,0.152,7.0,3.04,1.06,0.6,0.9986
200,10.3,24.0,0.32,9.6,1.4,0.056,9.0,3.22,0.82,0.47,0.99695
1124,11.5,13.0,0.58,6.5,2.2,0.096,3.0,3.62,0.62,0.0,0.99557
891,9.7,86.0,0.66,7.2,2.3,0.078,16.0,3.53,0.57,0.03,0.99743
702,9.4,23.0,0.64,7.0,2.1,0.067,9.0,3.47,0.67,0.02,0.997
1184,10.9,119.0,0.64,6.7,2.1,0.08,11.0,3.36,0.7,0.23,0.99538
318,11.5,59.0,0.66,9.8,3.2,0.083,21.0,3.37,0.71,0.39,0.9989
1317,11.9,41.0,0.44,9.9,2.2,0.091,10.0,3.18,0.69,0.46,0.99638
162,10.0,31.0,0.53,7.8,1.7,0.076,17.0,3.33,0.56,0.04,0.9964
43,10.3,23.0,0.66,8.1,2.2,0.069,9.0,3.3,1.2,0.22,0.9968
1264,11.8,51.0,0.37,8.5,1.8,0.066,26.0,3.38,0.72,0.32,0.99456
595,9.3,109.0,0.595,8.9,7.9,0.086,30.0,3.27,0.57,0.41,0.9998
1154,11.4,63.0,0.58,6.6,2.2,0.1,50.0,3.59,0.68,0.0,0.99544
913,12.2,10.0,0.395,9.4,4.6,0.094,3.0,3.27,0.64,0.46,0.99639
66,9.6,39.0,0.52,7.5,1.5,0.079,11.0,3.42,0.58,0.11,0.9968
1368,9.8,74.0,0.77,8.0,2.1,0.079,16.0,3.27,0.5,0.32,0.99656
441,11.3,27.0,0.4,11.9,2.15,0.068,7.0,3.06,0.68,0.65,0.9988
433,9.5,18.0,0.39,12.3,2.3,0.091,6.0,3.16,0.49,0.63,1.0004
1559,9.9,131.0,0.6,7.8,2.0,0.08,31.0,3.21,0.52,0.26,0.99622
686,9.1,40.0,0.65,7.1,1.8,0.07,13.0,3.44,0.6,0.18,0.997
633,11.3,86.0,0.935,10.1,3.4,0.105,11.0,3.43,0.64,0.22,1.001
700,10.1,88.0,1.02,10.6,2.9,0.076,26.0,3.08,0.57,0.43,0.9984
574,10.0,78.0,0.34,10.6,3.2,0.078,20.0,3.19,0.7,0.49,0.9992
340,9.2,21.0,0.34,12.2,2.4,0.066,10.0,3.12,1.18,0.5,1.0
308,9.5,12.0,0.43,10.3,2.4,0.214,5.0,3.19,0.63,0.44,0.9994
843,9.4,92.0,0.685,7.1,2.0,0.088,9.0,3.28,0.62,0.35,0.9963
1505,9.95,12.0,0.76,6.7,1.8,0.078,6.0,3.55,0.63,0.02,0.996
1324,10.6,34.0,0.46,6.7,1.7,0.077,18.0,3.39,0.6,0.24,0.9948
1165,9.4,38.0,0.44,8.5,1.9,0.369,15.0,3.01,1.1,0.5,0.99634
1510,9.7,48.0,0.36,6.4,2.2,0.047,26.0,3.47,0.77,0.21,0.99661
1105,12.8,49.0,0.57,6.3,2.1,0.048,13.0,3.41,0.6,0.28,0.99374
747,9.4,68.0,0.33,8.6,2.6,0.083,16.0,3.3,0.48,0.4,0.99782
1215,11.3,29.0,0.27,8.8,2.1,0.095,20.0,3.26,0.56,0.46,0.99488
1279,11.5,9.0,0.3,9.8,1.7,0.062,3.0,3.14,0.57,0.39,0.9948
812,10.8,38.0,0.45,10.8,2.5,0.099,20.0,3.24,0.71,0.33,0.99818
507,9.5,13.0,0.67,11.2,2.3,0.084,6.0,3.17,0.71,0.55,1.0
5,9.4,40.0,0.66,7.4,1.8,0.075,13.0,3.51,0.56,0.0,0.9978
901,10.8,33.0,0.635,7.4,2.4,0.08,16.0,3.58,0.69,0.1,0.99736
653,12.0,30.0,0.33,9.4,2.8,0.079,9.0,3.12,0.54,0.59,0.9976
1367,10.5,105.0,0.54,6.9,2.2,0.088,9.0,3.25,1.18,0.3,0.99725
512,9.7,49.0,0.4,10.7,2.1,0.125,15.0,3.03,0.81,0.48,0.998
1339,10.5,31.0,0.51,7.5,1.7,0.084,13.0,3.36,0.54,0.02,0.99538
1144,10.1,70.0,0.32,7.3,2.3,0.066,35.0,3.43,0.62,0.23,0.99588
154,10.5,129.0,0.43,7.1,5.5,0.07,29.0,3.42,0.72,0.42,0.9973
440,9.8,29.0,0.31,12.6,2.2,0.072,6.0,2.88,0.82,0.72,0.9987
820,9.7,22.0,0.685,7.0,1.9,0.099,9.0,3.34,0.6,0.0,0.99606
53,9.4,119.0,0.38,8.6,3.0,0.081,30.0,3.2,0.56,0.36,0.997
504,10.8,22.0,0.24,10.5,1.8,0.077,6.0,3.21,1.05,0.42,0.9976
399,9.4,42.0,0.765,8.7,2.3,0.064,9.0,3.1,0.55,0.22,0.9963
1347,9.5,12.0,0.655,7.2,1.8,0.078,7.0,3.34,0.39,0.03,0.99587
1441,9.56666666666667,98.0,0.785,7.4,5.2,0.094,19.0,3.16,0.52,0.19,0.99713
1431,9.9,74.0,0.43,7.6,2.1,0.069,13.0,3.26,0.54,0.31,0.9958
379,10.8,60.0,0.42,8.3,2.5,0.094,24.0,3.31,0.7,0.38,0.9979
326,11.5,14.0,0.53,11.6,3.65,0.121,6.0,3.05,0.74,0.66,0.9978
280,9.3,19.0,0.26,11.4,3.6,0.071,6.0,3.12,0.82,0.44,0.9986
1049,10.8,17.0,0.5,9.3,1.8,0.084,6.0,3.27,0.77,0.36,0.99704
268,9.4,27.0,0.54,6.9,3.0,0.077,7.0,3.69,0.91,0.04,0.9987
1020,11.9,8.0,0.36,11.3,2.4,0.123,3.0,3.2,0.53,0.66,0.99642
22,9.5,37.0,0.43,7.9,1.6,0.106,10.0,3.17,0.91,0.21,0.9966
394,9.9,25.0,0.6,12.7,2.3,0.063,6.0,3.03,0.57,0.65,0.9997
230,12.2,106.0,0.48,5.2,1.6,0.054,19.0,3.54,0.62,0.04,0.9927
1400,9.9,141.0,0.69,7.9,2.1,0.08,33.0,3.25,0.51,0.21,0.9962
1546,10.2,26.0,0.57,7.0,2.0,0.072,17.0,3.36,0.61,0.02,0.99575
1528,10.1,59.0,0.29,7.9,2.2,0.096,21.0,3.31,0.67,0.49,0.99714
55,9.5,45.0,0.62,7.7,3.8,0.084,25.0,3.34,0.53,0.04,0.9978
19,9.2,56.0,0.32,7.9,1.8,0.341,17.0,3.04,1.08,0.51,0.9969
1536,10.3,45.0,0.53,6.1,1.9,0.077,24.0,3.6,0.68,0.08,0.99528
838,11.2,28.0,0.31,10.1,1.6,0.075,9.0,3.24,0.83,0.35,0.99672
1421,9.4,58.0,0.4,7.5,1.6,0.079,24.0,3.34,0.58,0.18,0.9965
872,10.0,48.0,0.35,7.3,2.0,0.067,28.0,3.43,0.54,0.24,0.99576
274,9.4,94.0,0.65,7.5,7.0,0.088,27.0,3.38,0.77,0.18,0.99915
1411,10.6,19.0,0.47,6.4,2.4,0.071,8.0,3.56,0.73,0.4,0.9963
810,10.5,14.0,0.49,7.3,2.6,0.068,4.0,3.3,0.47,0.1,0.99562
919,11.8,46.0,0.62,8.4,1.8,0.072,38.0,3.38,0.89,0.12,0.99504
1093,12.0,31.0,0.31,9.2,2.2,0.079,11.0,3.33,0.86,0.36,0.99615
1553,9.4,28.0,0.735,7.3,2.2,0.08,18.0,3.41,0.6,0.0,0.99765
833,9.9,51.0,0.47,11.6,1.6,0.147,36.0,3.38,0.86,0.44,0.99836
1057,9.1,90.0,0.42,7.6,3.9,0.104,28.0,3.15,0.57,0.25,0.99784
1527,10.8,24.0,0.53,7.1,1.7,0.071,15.0,3.29,0.66,0.07,0.9951
920,10.5,23.0,0.41,9.6,2.3,0.091,10.0,3.24,0.56,0.37,0.99786
158,9.3,22.0,0.68,7.1,2.2,0.073,12.0,3.48,0.5,0.0,0.9969
74,9.6,83.0,0.32,9.7,2.5,0.094,28.0,3.28,0.82,0.54,0.9984
927,9.2,75.0,0.67,8.4,2.2,0.093,11.0,3.2,0.59,0.19,0.99736
624,10.2,58.0,0.69,6.8,5.6,0.124,21.0,3.46,0.72,0.0,0.9997
847,9.9,39.0,0.68,7.4,1.8,0.078,12.0,3.5,0.7,0.16,0.9977
213,10.1,65.0,0.57,8.2,2.2,0.06,28.0,3.3,0.43,0.26,0.9959
900,11.8,39.0,0.31,8.9,2.6,0.056,10.0,3.4,0.69,0.36,0.99562
1578,11.3,20.0,0.67,6.8,1.8,0.118,13.0,3.42,0.67,0.15,0.9954
1203,9.4,76.0,0.74,9.9,5.8,0.111,33.0,3.14,0.55,0.19,0.99878
895,10.7,43.0,0.59,7.1,2.3,0.08,27.0,3.42,0.58,0.01,0.9955
255,9.3,119.0,0.57,8.0,3.2,0.073,17.0,3.26,0.57,0.23,0.99675
575,10.2,46.0,0.27,12.3,3.1,0.079,28.0,3.2,0.8,0.49,0.9993
1069,10.8,52.0,0.62,8.0,2.8,0.086,28.0,3.31,0.62,0.35,0.997
1169,11.5,14.0,0.5,7.6,2.3,0.086,5.0,3.32,0.62,0.29,0.99502
819,9.6,59.0,0.66,9.1,3.2,0.097,9.0,3.28,0.54,0.15,0.99976
267,12.8,37.0,0.35,7.9,3.6,0.078,15.0,3.35,0.86,0.46,0.9973
1159,10.8,37.0,0.41,10.2,2.2,0.11,11.0,3.16,0.67,0.43,0.99728
798,10.7,14.0,0.5,9.4,3.6,0.082,5.0,3.29,0.52,0.34,0.9987
755,10.7,47.0,0.91,7.8,1.9,0.058,22.0,3.51,0.43,0.07,0.99525
665,9.7,48.0,0.59,9.4,2.0,0.084,25.0,3.14,0.56,0.14,0.9981
253,9.5,86.0,0.775,7.7,1.9,0.092,8.0,3.23,0.59,0.42,0.9959
859,11.2,24.0,0.56,6.8,1.8,0.074,15.0,3.4,0.82,0.22,0.99438
646,10.1,20.0,0.67,7.3,3.6,0.107,6.0,3.4,0.63,0.05,0.9972
1168,12.0,44.0,0.34,6.5,2.8,0.067,8.0,3.21,0.56,0.27,0.99384
1002,11.7,27.0,0.29,9.1,2.05,0.063,13.0,3.26,0.84,0.33,0.99516
139,9.5,108.0,0.56,7.8,2.0,0.081,17.0,3.32,0.54,0.19,0.9962
857,11.3,47.0,0.26,8.2,2.5,0.073,16.0,3.4,0.78,0.34,0.99594
1053,12.7,20.0,0.33,8.3,2.3,0.07,9.0,3.38,0.77,0.42,0.99426
771,9.4,143.0,0.685,9.4,2.4,0.082,23.0,3.28,0.55,0.26,0.9978
443,11.6,19.0,0.44,10.0,2.7,0.077,11.0,3.23,0.63,0.49,0.9963
403,10.5,41.0,0.6,11.4,2.7,0.085,10.0,3.15,0.63,0.49,0.9994
1291,10.9,60.0,0.635,8.2,2.1,0.073,25.0,3.29,0.75,0.1,0.99638
263,9.3,49.0,0.37,7.9,1.8,0.077,23.0,3.28,0.67,0.23,0.9963
181,9.3,110.0,0.61,8.9,2.0,0.27,23.0,3.12,1.02,0.49,0.9972
1526,9.6,38.0,0.47,6.8,2.2,0.064,18.0,3.3,0.65,0.08,0.99553
814,11.3,41.0,0.41,12.6,2.8,0.103,19.0,3.21,0.76,0.54,0.99939
528,8.7,55.0,0.42,8.2,2.6,0.084,32.0,3.34,0.75,0.49,0.9988
416,11.7,20.0,0.48,10.6,2.2,0.111,6.0,3.26,0.66,0.64,0.997
1176,11.2,47.0,0.88,6.5,5.6,0.079,23.0,3.58,0.5,0.03,0.99572
744,9.5,101.0,0.39,11.1,2.7,0.095,21.0,3.13,0.51,0.54,1.0001
203,9.2,39.0,0.42,7.0,1.6,0.088,16.0,3.34,0.55,0.35,0.9961
1209,11.2,24.0,0.39,6.2,2.0,0.071,14.0,3.45,0.87,0.43,0.99428
873,11.1,10.0,0.21,9.1,1.6,0.067,6.0,3.23,0.58,0.37,0.99552
1035,10.6,17.0,0.37,10.1,2.4,0.085,5.0,3.17,0.65,0.34,0.99683
41,9.3,46.0,0.61,8.8,2.8,0.088,17.0,3.26,0.51,0.3,0.9976
142,14.0,63.0,0.34,5.2,1.8,0.05,27.0,3.68,0.79,0.0,0.9916
835,9.3,55.0,0.665,7.6,1.5,0.066,27.0,3.39,0.51,0.1,0.99655
1515,9.25,65.0,0.84,6.9,4.1,0.074,16.0,3.53,0.72,0.21,0.99842
184,9.3,62.0,0.62,6.7,1.9,0.079,8.0,3.52,0.58,0.21,0.997
1355,10.1,32.0,0.32,6.1,1.8,0.086,5.0,3.36,0.44,0.25,0.99464
298,9.7,31.0,0.65,7.2,2.3,0.094,5.0,3.67,0.8,0.02,0.9993
150,10.3,11.0,0.33,7.3,2.1,0.077,5.0,3.33,0.53,0.47,0.9958
878,10.0,69.0,0.61,8.8,4.0,0.094,30.0,3.22,0.5,0.19,0.99787
260,9.3,45.0,0.33,7.9,1.7,0.077,18.0,3.29,0.65,0.23,0.99625
33,9.4,83.0,0.605,6.9,10.7,0.073,40.0,3.45,0.52,0.12,0.9993
248,9.8,39.0,0.53,7.7,1.7,0.074,9.0,3.35,0.48,0.06,0.99615
15,9.2,148.0,0.62,8.9,3.9,0.17,51.0,3.17,0.93,0.19,0.9986
1107,11.7,24.0,0.3,9.1,2.0,0.068,10.0,3.27,0.85,0.41,0.99523
1350,10.0,73.0,0.6,9.0,2.0,0.069,32.0,3.34,0.57,0.29,0.99654
420,11.8,67.0,0.56,9.5,2.4,0.089,35.0,3.28,0.73,0.33,0.9972
457,9.6,65.0,0.63,9.2,2.7,0.097,29.0,3.28,0.58,0.21,0.9988
1595,11.2,51.0,0.55,5.9,2.2,0.062,39.0,3.52,0.76,0.1,0.99512
1485,9.7,25.0,0.655,7.0,2.1,0.074,8.0,3.37,0.55,0.16,0.99606
1315,9.8,91.0,0.63,7.5,2.0,0.083,17.0,3.26,0.58,0.27,0.99616
1571,11.1,25.0,0.38,6.4,2.2,0.038,15.0,3.44,0.65,0.14,0.99514
842,10.9,68.0,0.5,10.6,2.6,0.119,34.0,3.23,0.72,0.45,0.99708
563,10.1,60.0,0.29,7.6,2.7,0.092,25.0,3.31,0.61,0.49,0.9971
1219,10.9,50.0,0.39,9.0,1.3,0.044,25.0,3.2,0.83,0.4,0.99478
559,12.7,47.0,0.47,13.0,4.3,0.085,6.0,3.3,0.68,0.49,1.0021
70,9.5,27.0,0.63,7.7,1.9,0.076,15.0,3.32,0.54,0.08,0.9967
1134,11.8,15.0,0.28,8.5,1.7,0.061,6.0,3.3,0.74,0.35,0.99524
707,10.5,37.0,0.49,7.4,3.0,0.077,16.0,3.37,0.51,0.19,0.9966
179,9.5,42.0,0.61,8.8,2.4,0.067,10.0,3.19,0.59,0.14,0.9969
211,10.0,62.0,0.725,8.0,2.8,0.083,10.0,3.35,0.56,0.24,0.99685
135,9.6,63.0,0.745,8.4,1.9,0.09,16.0,3.19,0.82,0.11,0.9965
1038,12.6,42.0,0.41,8.7,6.2,0.078,25.0,3.24,0.77,0.41,0.9953
491,13.3,25.0,0.41,9.2,2.5,0.055,12.0,3.34,0.79,0.5,0.9952
1303,11.2,68.0,0.28,8.0,1.8,0.081,28.0,3.36,0.66,0.44,0.99501
363,10.2,15.0,0.46,12.5,2.0,0.071,6.0,2.99,0.87,0.63,0.9988
456,10.3,22.0,0.59,8.9,2.3,0.095,5.0,3.37,0.58,0.39,0.9986
941,12.5,17.0,0.27,9.9,5.0,0.082,9.0,3.19,0.52,0.49,0.99484
1494,10.0,28.0,0.31,6.4,1.4,0.066,15.0,3.42,0.7,0.09,0.99459
370,9.9,63.0,0.765,6.9,2.3,0.063,35.0,3.57,0.78,0.02,0.9975
395,13.0,38.0,0.37,12.0,4.2,0.066,7.0,3.22,0.6,0.76,1.0004
413,11.7,19.0,0.4,9.9,6.7,0.097,6.0,3.27,0.82,0.53,0.9986
974,12.1,13.0,0.33,8.8,5.9,0.073,7.0,3.3,0.62,0.41,0.99658
929,12.0,19.0,0.33,8.7,3.3,0.063,10.0,3.3,0.73,0.38,0.99468
98,9.8,10.0,0.9,7.6,2.5,0.079,5.0,3.39,0.56,0.06,0.9967
225,10.5,63.0,0.43,7.7,2.6,0.073,29.0,3.37,0.58,0.25,0.99615
422,10.9,60.0,0.96,7.7,2.0,0.047,15.0,3.36,0.44,0.2,0.9955
756,11.2,33.0,0.98,6.3,2.0,0.057,15.0,3.6,0.46,0.01,0.99488
506,10.8,21.0,0.24,10.4,1.8,0.075,6.0,3.25,1.02,0.46,0.9976
542,9.9,20.0,0.715,9.3,2.1,0.07,5.0,3.12,0.59,0.24,0.9966
1504,11.4,12.0,0.38,7.5,2.3,0.106,5.0,3.36,0.55,0.57,0.99605
350,9.9,34.0,0.67,10.7,2.7,0.107,17.0,3.28,0.98,0.22,1.0004
357,11.7,29.0,0.42,10.5,2.95,0.116,12.0,3.24,0.75,0.66,0.997
148,10.2,30.0,0.49,6.9,2.3,0.074,12.0,3.42,0.58,0.1,0.9959
429,10.4,35.0,0.84,12.8,2.4,0.088,13.0,3.1,0.6,0.63,0.9997
297,9.6,29.0,0.63,7.1,2.0,0.083,8.0,3.67,0.73,0.06,0.99855
1542,10.75,38.0,0.855,6.7,1.9,0.064,29.0,3.3,0.56,0.02,0.99472
12,9.9,59.0,0.615,5.6,1.6,0.089,16.0,3.58,0.52,0.0,0.9943
62,9.5,35.0,0.52,7.5,1.9,0.085,12.0,3.38,0.62,0.16,0.9968
719,9.5,45.0,0.66,7.1,3.9,0.086,17.0,3.46,0.54,0.0,0.9976
1358,9.5,98.0,0.64,7.4,5.4,0.168,52.0,3.28,0.5,0.17,0.99736
364,10.0,42.0,0.615,12.8,5.8,0.083,7.0,3.07,0.73,0.66,1.0022
543,11.0,53.0,0.66,11.2,2.5,0.085,16.0,3.06,0.72,0.24,0.9993
64,10.9,11.0,0.725,7.2,4.65,0.086,4.0,3.41,0.39,0.05,0.9962
613,9.8,29.0,0.39,8.2,1.5,0.058,10.0,3.26,0.74,0.38,0.9962
640,9.4,40.0,0.54,9.9,2.3,0.071,16.0,3.39,0.62,0.45,0.9991
1299,10.9,9.0,1.58,7.6,2.1,0.137,5.0,3.5,0.4,0.0,0.99476
1292,12.4,28.0,0.395,5.9,2.4,0.056,14.0,3.62,0.67,0.13,0.99362
1125,11.3,27.0,0.24,8.8,1.7,0.055,13.0,3.14,0.59,0.35,0.99394
1335,12.6,40.0,0.58,6.6,2.4,0.069,19.0,3.38,0.66,0.02,0.99387
1191,10.8,12.0,0.885,6.5,2.3,0.166,6.0,3.56,0.51,0.0,0.99551
760,9.7,104.0,0.58,9.0,2.8,0.075,9.0,3.23,0.57,0.25,0.99779
996,12.8,11.0,0.66,5.6,2.2,0.087,3.0,3.71,0.63,0.0,0.99378
1577,11.9,27.0,0.7,6.2,5.1,0.076,13.0,3.54,0.6,0.15,0.99622
687,9.7,38.0,0.64,9.1,3.1,0.095,13.0,3.28,0.59,0.23,0.9998
313,9.4,135.0,0.47,8.6,3.0,0.076,30.0,3.3,0.53,0.3,0.9976
981,10.0,28.0,0.86,9.5,1.9,0.079,13.0,3.25,0.62,0.26,0.99712
77,10.7,30.0,0.785,6.8,2.4,0.104,14.0,3.52,0.55,0.0,0.9966
1422,11.4,55.0,0.54,7.0,2.1,0.079,39.0,3.39,0.84,0.0,0.9956
155,10.5,128.0,0.43,7.1,5.5,0.071,28.0,3.42,0.71,0.42,0.9973
32,9.8,113.0,0.655,8.3,2.3,0.083,15.0,3.17,0.66,0.12,0.9966
1009,10.9,55.0,0.5,9.6,2.8,0.116,26.0,3.18,0.68,0.36,0.99722
1475,13.5666666666667,89.0,0.47,5.3,2.2,0.048,16.0,3.54,0.88,0.11,0.99182
389,10.0,49.0,0.38,9.6,2.5,0.096,16.0,3.19,0.7,0.31,0.9982
1274,11.2,36.0,0.58,7.8,2.1,0.102,17.0,3.24,0.53,0.13,0.9944
487,10.0,14.0,0.645,10.2,1.8,0.053,5.0,3.17,0.42,0.36,0.9982
0,9.4,34.0,0.7,7.4,1.9,0.076,11.0,3.51,0.56,0.0,0.9978
890,10.1,52.0,0.34,7.2,2.0,0.071,30.0,3.44,0.58,0.24,0.99576
328,9.7,21.0,0.27,13.4,2.6,0.082,6.0,3.16,0.67,0.62,1.0002
598,9.8,30.0,0.585,8.5,2.1,0.078,5.0,3.2,0.48,0.18,0.9967
412,9.3,77.0,0.735,7.1,1.9,0.1,15.0,3.27,0.64,0.16,0.9966
1300,12.5,28.0,0.645,5.2,2.15,0.08,15.0,3.78,0.61,0.0,0.99444
939,11.4,11.0,0.46,6.2,1.6,0.073,7.0,3.61,0.54,0.17,0.99425
1189,9.6,19.0,0.955,8.8,1.8,0.075,5.0,3.3,0.44,0.05,0.99616
1044,12.2,53.0,0.39,6.4,3.3,0.046,12.0,3.36,0.62,0.33,0.99294
1463,10.8,39.0,0.63,6.9,2.4,0.076,14.0,3.34,0.53,0.01,0.99522
1102,11.2,30.0,0.48,6.1,1.7,0.078,18.0,3.45,0.54,0.09,0.99402
1211,9.3,53.0,0.44,6.6,2.1,0.076,22.0,3.32,0.62,0.15,0.9957
167,9.0,42.0,0.55,7.3,1.6,0.072,17.0,3.37,0.48,0.03,0.9956
1284,10.9,36.0,0.42,7.0,2.3,0.071,18.0,3.39,0.56,0.19,0.99476
681,10.2,29.0,0.45,8.0,2.2,0.094,16.0,3.21,0.49,0.23,0.9962
186,9.2,67.0,0.39,7.4,2.0,0.082,14.0,3.34,0.55,0.48,0.9972
1101,12.0,25.0,0.49,7.4,2.1,0.071,14.0,3.35,0.63,0.27,0.99388
1552,11.3,54.0,0.68,6.3,3.7,0.103,32.0,3.51,0.66,0.01,0.99586
867,11.2,22.0,0.51,6.9,2.0,0.072,13.0,3.4,0.84,0.23,0.99438
953,12.1,9.0,0.34,10.2,2.1,0.052,5.0,3.2,0.69,0.48,0.99458
1415,9.4,18.0,0.58,6.2,1.6,0.065,8.0,3.56,0.84,0.0,0.9966
508,10.2,62.0,0.59,10.0,2.2,0.09,26.0,3.18,0.63,0.31,0.9994
938,12.9,42.0,0.38,7.2,2.8,0.068,23.0,3.34,0.72,0.38,0.99356
1109,10.8,66.0,0.47,10.8,2.1,0.171,27.0,3.17,0.76,0.43,0.9982
185,9.7,85.0,0.31,8.9,2.0,0.111,26.0,3.26,0.53,0.57,0.9971
401,10.8,38.0,0.26,7.7,1.7,0.059,20.0,3.29,0.47,0.3,0.9949
762,10.0,19.0,0.7,8.8,1.7,0.069,8.0,3.31,0.53,0.0,0.99701
1304,9.2,68.0,0.79,7.6,2.3,0.087,21.0,3.12,0.44,0.21,0.9955
1530,11.3,18.0,0.44,6.6,2.2,0.063,9.0,3.42,0.69,0.09,0.99444
1529,10.2,52.0,0.69,7.1,2.1,0.063,42.0,3.42,0.6,0.08,0.99608
86,9.9,136.0,0.49,8.6,1.9,0.11,20.0,2.93,1.95,0.28,0.9972
1242,12.2,40.0,0.4,9.0,2.0,0.058,15.0,3.22,0.6,0.41,0.99414
1151,12.5,70.0,0.58,6.1,2.5,0.044,16.0,3.46,0.65,0.23,0.99352
566,9.0,15.0,0.7,8.7,2.5,0.226,5.0,3.32,0.6,0.24,0.9991
1012,10.0,32.0,1.005,7.7,2.1,0.102,11.0,3.23,0.48,0.15,0.99604
1220,11.5,44.0,0.32,10.9,1.8,0.132,17.0,3.28,0.77,0.52,0.99734
97,9.2,22.0,0.5,7.0,2.0,0.07,3.0,3.25,0.63,0.25,0.9963
825,10.7,37.0,0.46,7.1,2.8,0.076,15.0,3.36,0.49,0.14,0.99624
58,10.0,54.0,0.59,7.8,2.3,0.076,17.0,3.43,0.59,0.18,0.9975
1403,10.0,13.0,0.33,7.2,1.7,0.061,3.0,3.23,1.1,0.33,0.996
1344,11.0,20.0,0.42,11.5,2.6,0.077,8.0,3.09,0.53,0.48,0.99852
516,11.9,14.0,0.6,12.5,4.3,0.1,5.0,3.25,0.74,0.49,1.001
874,11.8,10.0,0.38,10.4,2.1,0.104,6.0,3.12,0.65,0.46,0.99664
237,9.2,39.0,0.645,7.2,1.9,0.097,15.0,3.37,0.58,0.0,0.99675
647,11.0,14.0,0.845,8.3,2.2,0.07,5.0,3.32,0.58,0.01,0.9967
1186,12.2,12.0,0.8,6.6,7.8,0.079,6.0,3.52,0.5,0.03,0.9963
404,9.1,27.0,0.69,7.7,2.7,0.075,15.0,3.26,0.61,0.05,0.9974
882,12.0,26.0,0.31,8.4,3.1,0.194,14.0,3.22,0.78,0.29,0.99536
365,11.8,21.0,0.42,10.0,3.4,0.107,7.0,3.26,0.93,0.5,0.9979
85,10.1,40.0,0.55,6.9,2.2,0.076,19.0,3.41,0.59,0.15,0.9961
332,9.4,114.0,0.58,8.0,3.2,0.066,21.0,3.22,0.54,0.28,0.9973
28,9.4,35.0,0.71,7.1,1.9,0.08,14.0,3.47,0.55,0.0,0.9972
761,9.6,35.0,0.655,9.3,2.0,0.096,5.0,3.25,0.42,0.26,0.99738
1423,11.0,31.0,0.53,6.4,3.9,0.123,14.0,3.5,0.67,0.09,0.9968
303,9.5,21.0,0.67,7.4,1.6,0.186,5.0,3.39,0.54,0.12,0.996
805,12.8,10.0,0.28,8.2,2.4,0.052,4.0,3.33,0.7,0.4,0.99356
1145,10.4,51.0,0.2,8.2,2.5,0.076,31.0,3.53,0.81,0.43,0.99672
1170,10.5,12.0,0.36,9.2,1.6,0.062,5.0,3.2,0.67,0.34,0.99667
1067,10.9,10.0,0.31,11.1,2.2,0.06,3.0,3.02,0.83,0.53,0.99572
880,9.9,21.0,0.56,9.2,1.6,0.078,10.0,3.15,0.49,0.18,0.99576
682,9.8,58.0,0.46,8.5,2.25,0.078,32.0,3.33,0.54,0.31,0.998
541,11.0,17.0,0.46,9.5,6.3,0.064,5.0,3.21,0.73,0.49,0.9988
1547,12.1,26.0,0.6,6.3,1.6,0.048,12.0,3.55,0.51,0.1,0.99306
691,9.8,93.0,0.92,9.2,2.6,0.087,12.0,3.48,0.54,0.24,0.9998
637,9.4,145.0,0.885,9.5,2.3,0.084,31.0,3.24,0.53,0.27,0.9978
1391,11.0,33.0,0.64,8.0,2.4,0.094,5.0,3.37,0.58,0.22,0.99612
1452,11.6,53.0,0.58,6.6,2.0,0.062,37.0,3.35,0.76,0.02,0.99374
576,10.0,14.0,0.5,9.9,2.3,0.103,6.0,3.34,0.52,0.24,0.9978
830,10.9,9.0,0.685,7.5,2.5,0.058,5.0,3.38,0.55,0.07,0.99632
1172,12.3,16.0,0.42,9.7,2.1,0.074,5.0,3.27,0.74,0.46,0.99649
1255,11.0,46.0,0.64,6.1,2.4,0.069,26.0,3.47,0.45,0.02,0.99358
946,12.0,24.0,0.44,10.2,4.1,0.092,11.0,3.29,0.99,0.58,0.99745
693,9.4,122.0,0.48,9.0,2.8,0.084,21.0,3.32,0.62,0.32,0.9984
305,9.3,25.0,0.53,10.3,2.5,0.063,6.0,3.12,0.59,0.48,0.9998
417,10.5,124.0,0.58,7.0,1.9,0.091,34.0,3.44,0.48,0.12,0.9956
668,11.0,31.0,0.73,10.0,2.3,0.059,15.0,3.15,0.57,0.43,0.9966
17,9.3,56.0,0.56,8.1,1.7,0.368,16.0,3.11,1.28,0.28,0.9968
89,9.0,24.0,0.62,7.0,1.8,0.076,8.0,3.48,0.53,0.08,0.9978
1333,9.6,48.0,0.775,9.1,2.2,0.079,12.0,3.18,0.51,0.22,0.9976
307,9.5,14.0,0.41,10.3,2.4,0.213,6.0,3.19,0.62,0.42,0.9994
774,9.5,45.0,0.4,7.9,1.8,0.157,2.0,3.31,0.91,0.3,0.99727
1052,12.9,25.0,0.605,5.6,2.4,0.073,19.0,3.56,0.55,0.05,0.99258
321,9.7,87.0,0.61,9.3,3.4,0.09,25.0,3.24,0.62,0.26,0.99975
231,9.9,49.0,0.38,8.0,1.8,0.078,12.0,3.37,0.52,0.06,0.99625
1122,12.3,33.0,0.47,6.3,1.4,0.055,27.0,3.45,0.48,0.0,0.9922
116,10.0,40.0,0.54,8.3,1.9,0.077,11.0,3.39,0.61,0.28,0.9978
1366,9.8,45.0,0.74,7.3,1.7,0.094,10.0,3.24,0.5,0.08,0.99576
779,9.8,92.0,0.52,7.1,2.6,0.076,21.0,3.5,0.6,0.03,0.99745
1140,9.5,79.0,0.4,7.3,1.7,0.08,33.0,3.41,0.65,0.3,0.9969
54,10.2,73.0,0.51,7.6,2.8,0.11,33.0,3.17,0.63,0.15,0.9955
582,9.2,15.0,0.49,11.7,2.2,0.083,5.0,3.19,0.43,0.49,1.0
1574,10.5,92.0,0.31,5.6,13.9,0.074,23.0,3.39,0.48,0.78,0.99677
79,9.1,119.0,0.625,8.3,1.5,0.08,27.0,3.16,1.12,0.2,0.9972
182,9.3,42.0,0.73,7.2,2.5,0.076,16.0,3.44,0.52,0.02,0.9972
73,9.2,43.0,0.675,8.3,2.1,0.084,11.0,3.31,0.53,0.26,0.9976
1359,10.0333333333333,28.0,0.475,11.6,1.4,0.091,6.0,3.07,0.65,0.4,0.99704
607,10.5,52.0,0.48,8.8,3.3,0.092,26.0,3.31,0.53,0.41,0.9982
1576,10.8,29.0,0.3,8.0,1.6,0.081,16.0,3.3,0.78,0.63,0.99588
1008,12.0,24.0,0.35,8.9,3.6,0.11,12.0,3.23,0.7,0.4,0.99549
1392,9.8,12.0,0.62,7.1,1.3,0.07,5.0,3.17,0.48,0.06,0.9942
790,9.7,82.0,0.37,7.4,2.6,0.082,18.0,3.33,0.68,0.43,0.99708
317,10.4,74.0,0.77,9.6,2.9,0.082,30.0,3.3,0.64,0.12,0.99865
1033,10.4,27.0,0.57,7.5,2.6,0.089,14.0,3.3,0.59,0.08,0.99592
359,9.8,41.0,0.38,12.6,2.6,0.088,10.0,3.17,0.68,0.66,1.001
792,9.7,87.0,0.61,7.1,2.5,0.081,17.0,3.48,0.6,0.02,0.99745
587,9.3,102.0,0.73,7.3,1.9,0.108,18.0,3.26,0.59,0.24,0.9967
999,12.9,12.0,0.69,6.4,1.65,0.055,7.0,3.47,0.53,0.0,0.99162
282,9.1,53.0,0.52,7.6,3.0,0.067,12.0,3.36,0.57,0.12,0.9971
1065,10.2,20.0,0.61,7.7,2.4,0.083,6.0,3.29,0.6,0.18,0.9963
1396,9.55,11.0,0.675,8.7,1.6,0.09,4.0,3.31,0.65,0.1,0.99745
1345,10.2,28.0,0.44,8.2,2.3,0.063,10.0,3.25,0.53,0.24,0.99613
1517,10.3,44.0,0.53,6.5,2.0,0.063,29.0,3.38,0.83,0.06,0.99489
94,10.5,85.0,1.02,5.0,1.4,0.045,41.0,3.75,0.48,0.04,0.9938
775,10.0,16.0,1.0,7.2,3.0,0.102,7.0,3.43,0.46,0.0,0.99586
549,9.4,25.0,0.53,9.0,1.9,0.171,6.0,3.27,0.61,0.49,0.9975
